{
"texture":"streamer.png",
"startAlphaVariance":0
,"startGreen":255
,"duration":1000
,"blendFactorSource":"one"
,"tangentialAccelerationVariance":0
,"radialAccelerationVariance":0
,"tangentialAcceleration":0
,"maxRadiusVariance":30
,"lifespan":10000
,"blendFactorDestination":"oneMinusSourceAlpha"
,"minRadius":20
,"lifespanVariance":1000
,"maxRadius":100
,"emitterType":0
,"startSize":50
,"startRed":255
,"rotatePerSecond":30
,"startSizeVariance":30
,"endRedVariance":0
,"rotatePerSecondVariance":10
,"endSize":100
,"minRadiusVariance":10
,"emitter":{"x":0,"y":0}
,"engGreenVariance":0
,"emitAngle":-60
,"startBlueVariance":0
,"emitAngleVariance":30
,"endSizeVariance":20
,"endRed":255
,"endBlueVariance":0
,"endBlue":255
,"startRotationVariance":50
,"startBlue":255
,"gravity":{"x":-50,"y":1200}
,"startRotation":0
,"endRotationVariance":200
,"endAlphaVariance":0
,"speed":1600
,"endAlpha":1
,"endRotation":250
,"endGreen":255
,"startRedVariance":0
,"maxParticles":70
,"emitterVariance":{"x":30,"y":12}
,"startAlpha":0.8901960784313725
,"startGreenVariance":0
,"speedVariance":600
,"radialAcceleration":0
}