{
  "skins": {
    "eui.Button": "resource/eui_skins/ButtonSkin.exml",
    "eui.CheckBox": "resource/eui_skins/CheckBoxSkin.exml",
    "eui.HScrollBar": "resource/eui_skins/HScrollBarSkin.exml",
    "eui.HSlider": "resource/eui_skins/HSliderSkin.exml",
    "eui.Panel": "resource/eui_skins/PanelSkin.exml",
    "eui.TextInput": "resource/eui_skins/TextInputSkin.exml",
    "eui.ProgressBar": "resource/eui_skins/ProgressBarSkin.exml",
    "eui.RadioButton": "resource/eui_skins/RadioButtonSkin.exml",
    "eui.Scroller": "resource/eui_skins/ScrollerSkin.exml",
    "eui.ToggleSwitch": "resource/eui_skins/ToggleSwitchSkin.exml",
    "eui.VScrollBar": "resource/eui_skins/VScrollBarSkin.exml",
    "eui.VSlider": "resource/eui_skins/VSliderSkin.exml",
    "eui.ItemRenderer": "resource/eui_skins/ItemRendererSkin.exml"
  },
  "autoGenerateExmlsList": true,
  "exmls": [
    {
      "path": "resource/eui_skins/HScrollBarSkin.exml",
      "content": "<?xml version=\"1.0\" encoding=\"utf-8\"?>\r\n<e:Skin class=\"skins.HScrollBarSkin\" minWidth=\"20\" minHeight=\"8\" xmlns:e=\"http://ns.egret.com/eui\">\r\n    <e:Image id=\"thumb\" scale9Grid=\"3,3,2,2\" height=\"8\" width=\"30\" verticalCenter=\"0\" source=\"\"/>\r\n</e:Skin>\r\n"
    },
    {
      "path": "resource/eui_skins/ScrollerSkin.exml",
      "content": "<?xml version=\"1.0\" encoding=\"utf-8\"?>\r\n<e:Skin class=\"skins.ScrollerSkin\" minWidth=\"20\" minHeight=\"20\" xmlns:e=\"http://ns.egret.com/eui\">\r\n    <e:HScrollBar id=\"horizontalScrollBar\" width=\"100%\" bottom=\"0\"/>\r\n    <e:VScrollBar id=\"verticalScrollBar\" height=\"100%\" right=\"0\"/>\r\n</e:Skin>"
    },
    {
      "path": "resource/eui_skins/VScrollBarSkin.exml",
      "content": "<?xml version=\"1.0\" encoding=\"utf-8\"?>\r\n<e:Skin class=\"skins.VScrollBarSkin\" minWidth=\"8\" minHeight=\"20\" xmlns:e=\"http://ns.egret.com/eui\">\r\n    <e:Image id=\"thumb\" scale9Grid=\"3,3,2,2\" height=\"30\" width=\"8\" horizontalCenter=\"0\" source=\"\"/>\r\n</e:Skin>\r\n"
    },
    {
      "path": "resource/eui_skins/VSliderSkin.exml",
      "content": "<?xml version=\"1.0\" encoding=\"utf-8\"?>\r\n<e:Skin class=\"skins.VSliderSkin\" minWidth=\"25\" minHeight=\"30\" xmlns:e=\"http://ns.egret.com/eui\">\r\n    <e:Image id=\"track\" source=\"track_png\" scale9Grid=\"1,1,4,4\" width=\"7\" height=\"100%\" horizontalCenter=\"0\"/>\r\n    <e:Image id=\"thumb\" source=\"thumb_png\" horizontalCenter=\"0\" />\r\n</e:Skin>\r\n"
    },
    {
      "path": "resource/eui_skins/com/ComArrow.exml",
      "content": "<?xml version=\"1.0\" encoding=\"utf-8\"?>\r\n<e:Skin class=\"skins.ComArrow\" xmlns:e=\"http://ns.egret.com/eui\" xmlns:w=\"http://ns.egret.com/wing\">\r\n\t<e:Group id=\"con\" width=\"39\" height=\"25\">\r\n\t\t<e:Image id=\"item\" source=\"pArrow_png\" x=\"0\" y=\"0\" />\r\n\t</e:Group>\r\n</e:Skin>"
    },
    {
      "path": "resource/eui_skins/com/ComBox.exml",
      "content": "<?xml version=\"1.0\" encoding=\"utf-8\"?>\r\n<e:Skin class=\"skins.ComBox\" xmlns:e=\"http://ns.egret.com/eui\" xmlns:w=\"http://ns.egret.com/wing\" xmlns:com=\"com.*\"\r\n        xmlns:item=\"item.*\">\r\n\t<e:Group id=\"con\" width=\"138\" height=\"137\">\r\n\t\t<e:Image id=\"bottomLayer\" source=\"box2_lv2_jpg\"/>\r\n\t\t<e:Image id=\"topLayer\" source=\"box1_lv2_jpg\" y=\"0\"/>\r\n\t</e:Group>\r\n</e:Skin>"
    },
    {
      "path": "resource/eui_skins/com/ComCell.exml",
      "content": "<?xml version=\"1.0\" encoding=\"utf-8\"?>\r\n<e:Skin class=\"skins.ComCell\" xmlns:e=\"http://ns.egret.com/eui\" xmlns:w=\"http://ns.egret.com/wing\" width=\"80\" height=\"80\">\r\n\t<e:Group id=\"con\" anchorOffsetX=\"25\" anchorOffsetY=\"25\" width=\"50\" height=\"50\" x=\"40\" y=\"40\">\r\n\t\t<e:Image id=\"item\" anchorOffsetX=\"25\" anchorOffsetY=\"24\"  source=\"pBallRed_png\" x=\"25\" y=\"25\"/>\r\n\t</e:Group>\r\n</e:Skin>"
    },
    {
      "path": "resource/eui_skins/com/ComChat.exml",
      "content": "<?xml version=\"1.0\" encoding=\"utf-8\"?>\r\n<e:Skin class=\"skins.ComChat\" xmlns:e=\"http://ns.egret.com/eui\" xmlns:w=\"http://ns.egret.com/wing\" xmlns:com=\"com.*\"\r\n        xmlns:item=\"item.*\">\r\n\t<e:Image id=\"hand\" source=\"head_boy_png\" x=\"50\" y=\"10\"  anchorOffsetX=\"50\" anchorOffsetY=\"50\"/>\r\n\t<e:Group id=\"con\" x=\"115\" y=\"0\">\r\n\t\t<e:Image id=\"chat\" source=\"lang_text1_png\" x=\"0\" y=\"0\"/>\r\n\t</e:Group>\r\n</e:Skin>"
    },
    {
      "path": "resource/eui_skins/com/ComCloset.exml",
      "content": "<?xml version=\"1.0\" encoding=\"utf-8\"?>\r\n<e:Skin class=\"skins.ComCloset\" xmlns:e=\"http://ns.egret.com/eui\" xmlns:w=\"http://ns.egret.com/wing\" xmlns:com=\"com.*\"\r\n        xmlns:item=\"item.*\" width=\"351\" height=\"333\">\r\n\t<e:Group id=\"con\" x=\"0\" y=\"0\" width=\"351\" height=\"333\">\r\n\t\t<e:Image source=\"pLv2Ye_png\"/>\r\n\t\t<e:Image id=\"door\"  source=\"pLv2Ye1_png\"/>\r\n\t</e:Group>\r\n</e:Skin>"
    },
    {
      "path": "resource/eui_skins/com/ComDoor.exml",
      "content": "<?xml version=\"1.0\" encoding=\"utf-8\"?>\r\n<e:Skin class=\"skins.ComDoor\" xmlns:e=\"http://ns.egret.com/eui\" xmlns:w=\"http://ns.egret.com/wing\" xmlns:com=\"com.*\"\r\n        xmlns:item=\"item.*\">\r\n\t<e:Group id=\"con\" x=\"0\" y=\"0\" width=\"134\" height=\"240\">\r\n\t\t<com:ComNpc id=\"comNpc\" skinName=\"ComNpc\" y=\"244\" x=\"67.5\" anchorOffsetX=\"69.5\" anchorOffsetY=\"214\"/>\r\n\t\t<e:Image source=\"pdoor1_png\" x=\"0\" y=\"0\" scaleX=\"1\" scaleY=\"1\"/>\r\n\t\t<e:Image id=\"door\" source=\"pdoor2_png\" x=\"0\" y=\"0\" scaleX=\"1\" scaleY=\"1\"/>\r\n\t</e:Group>\r\n</e:Skin>"
    },
    {
      "path": "resource/eui_skins/com/ComHead.exml",
      "content": "<?xml version=\"1.0\" encoding=\"utf-8\"?>\r\n<e:Skin class=\"skins.ComHead\" xmlns:e=\"http://ns.egret.com/eui\" xmlns:w=\"http://ns.egret.com/wing\" xmlns:com=\"com.*\"\r\n        xmlns:item=\"item.*\" width=\"317\" height=\"342\">\r\n\t<e:Group id=\"con\" x=\"0\" y=\"0\" height=\"273\" width=\"241\">\r\n\t\t<e:Image id=\"head\" y=\"0\" x=\"0\" scaleX=\"1\" scaleY=\"1\" source=\"ui10_head_png\"/>\r\n\t\t<e:Image id=\"emoji\" x=\"193\" y=\"212\" source=\"ui11_emoji_png\" anchorOffsetX=\"48\" anchorOffsetY=\"48\"/>\r\n\t</e:Group>\r\n\t<e:Image id=\"chat\" x=\"72\" y=\"146\" anchorOffsetX=\"92\" anchorOffsetY=\"3\" source=\"lang_gword3_png\"/>\r\n</e:Skin>"
    },
    {
      "path": "resource/eui_skins/com/ComHouse.exml",
      "content": "<?xml version=\"1.0\" encoding=\"utf-8\"?>\r\n<e:Skin class=\"skins.ComHouse\" xmlns:e=\"http://ns.egret.com/eui\" xmlns:w=\"http://ns.egret.com/wing\" xmlns:com=\"com.*\"\r\n        xmlns:item=\"item.*\" width=\"510\" height=\"293\">\r\n\t<e:Group id=\"con\" x=\"0\" y=\"0\" width=\"510\" height=\"293\">\r\n\t\t<e:Image id=\"lawn\" source=\"ui4_floor_png\" scaleX=\"1\" scaleY=\"1\" horizontalCenter=\"0\" bottom=\"0\"/>\r\n\t\t<e:Image id=\"guidePos\" scaleX=\"1\" scaleY=\"1\" y=\"0\" source=\"\" x=\"255\" visible=\"false\"/>\r\n\t\t<e:Group id=\"conFlag\" width=\"225\" height=\"173\" bottom=\"100\" horizontalCenter=\"-44.5\">\r\n\t\t\t<e:Image id=\"flag0\" scaleX=\"1\" scaleY=\"1\" source=\"ui1_flag_png\" anchorOffsetX=\"48.5\" anchorOffsetY=\"123\" x=\"158\" y=\"158\" visible=\"false\"/>\r\n\t\t\t<e:Image id=\"flag1\" anchorOffsetX=\"158\" anchorOffsetY=\"158\" source=\"ui2_flag_png\" x=\"158\" y=\"158\" visible=\"false\"/>\r\n\t\t\t<e:Image id=\"flag2\" scaleX=\"1\" scaleY=\"1\" anchorOffsetX=\"158\" anchorOffsetY=\"158\" x=\"158\" y=\"158\" source=\"ui3_flag_png\" visible=\"false\"/>\r\n\t\t</e:Group>\r\n\t\t<e:Group id=\"conHouse\" width=\"510\" height=\"293\" y=\"0\" x=\"0\">\r\n\t\t</e:Group>\r\n\t\t<e:Group id=\"conEff0\" y=\"30\" width=\"0\" height=\"0\" touchChildren=\"false\" touchEnabled=\"false\" touchThrough=\"true\" x=\"255\">\r\n\t\t\t<e:Image id=\"moneyDebug\" source=\"xle_money_1_png\" x=\"0\" y=\"0\" anchorOffsetX=\"256\" anchorOffsetY=\"256\" visible=\"false\"/>\r\n\t\t\t<com:ComMovieClip id=\"mcMoney\" width=\"512\" height=\"512\" x=\"0\" y=\"0\" anchorOffsetX=\"256\" anchorOffsetY=\"256\"/>\r\n\t\t</e:Group>\r\n\t\t<e:Group id=\"conParticle0\" y=\"80\" width=\"0\" height=\"0\" touchChildren=\"false\" touchEnabled=\"false\" touchThrough=\"true\" x=\"255\">\r\n\t\t</e:Group>\r\n\t\t<e:Group id=\"conMoney\" y=\"-100\" width=\"159\" height=\"120\" x=\"176\">\r\n\t\t\t<e:Image id=\"money\" source=\"icon1_money_png\" x=\"79.5\" y=\"60\" anchorOffsetX=\"79.5\" anchorOffsetY=\"60\" visible=\"false\"/>\r\n\t\t</e:Group>\r\n\t\t<e:Group id=\"conUpgrade\" y=\"-95\" width=\"360\" height=\"80\" x=\"75\">\r\n\t\t\t<e:Image id=\"upgrade\" x=\"180\" y=\"40\" anchorOffsetX=\"180\" anchorOffsetY=\"40\" source=\"lang_levelup_png\" visible=\"false\"/>\r\n\t\t</e:Group>\r\n\t\t<e:Group id=\"conBar\" y=\"-70\" width=\"70\" height=\"70\" x=\"220\">\r\n\t\t\t<com:ComProgress id=\"comProgress\" skinName=\"ComProgress\" scaleX=\"1\" scaleY=\"1\" x=\"35\" y=\"35\" anchorOffsetX=\"35\" anchorOffsetY=\"35\" visible=\"false\"/>\r\n\t\t</e:Group>\r\n\t\t<e:Group id=\"conEff1\" y=\"30\" width=\"0\" height=\"0\" touchChildren=\"false\" touchEnabled=\"false\" touchThrough=\"true\" x=\"255\" scaleX=\"2\" scaleY=\"2\">\r\n\t\t\t<e:Image id=\"levelupDebug\" scaleX=\"1\" scaleY=\"1\" source=\"xle_levelup_1_png\" anchorOffsetX=\"200\" anchorOffsetY=\"200\" x=\"0\" y=\"0\" visible=\"false\"/>\r\n\t\t\t<com:ComMovieClip id=\"mcLevelup\" width=\"400\" height=\"400\" scaleX=\"1\" scaleY=\"1\" anchorOffsetX=\"200\" anchorOffsetY=\"200\" x=\"0\" y=\"0\"/>\r\n\t\t</e:Group>\r\n\t\t<e:Group id=\"conEff2\" y=\"80\" width=\"0\" height=\"0\" touchChildren=\"false\" touchEnabled=\"false\" touchThrough=\"true\" x=\"255\" scaleX=\"2\" scaleY=\"2\">\r\n\t\t\t<e:Image id=\"buildupDebug\" scaleX=\"1\" scaleY=\"1\" anchorOffsetX=\"150\" anchorOffsetY=\"150\" x=\"0\" y=\"0\" source=\"xle_buildup_1_png\" visible=\"false\"/>\r\n\t\t\t<com:ComMovieClip id=\"mcBuildup\" width=\"300\" height=\"300\" scaleX=\"1\" scaleY=\"1\" anchorOffsetX=\"150\" anchorOffsetY=\"150\" x=\"0\" y=\"0\"/>\r\n\t\t</e:Group>\r\n\t\t<e:Image id=\"posPeople_0_0\" width=\"0\" height=\"0\" x=\"534\" y=\"147\"/>\r\n\t\t<e:Image id=\"posPeople_1_0\" width=\"0\" height=\"0\" y=\"-22\" x=\"255\"/>\r\n\t\t<e:Image id=\"posPeople_0_1\" width=\"0\" height=\"0\" y=\"315\" x=\"255\"/>\r\n\t\t<e:Image id=\"posPeople_1_1\" width=\"0\" height=\"0\" y=\"147\" x=\"-22\"/>\r\n\t</e:Group>\r\n</e:Skin>"
    },
    {
      "path": "resource/eui_skins/com/ComItem.exml",
      "content": "<?xml version=\"1.0\" encoding=\"utf-8\"?>\r\n<e:Skin class=\"skins.ComItem\" xmlns:e=\"http://ns.egret.com/eui\" xmlns:w=\"http://ns.egret.com/wing\" xmlns:com=\"com.*\"\r\n        xmlns:item=\"item.*\" width=\"161\" height=\"161\">\r\n\t<e:Group id=\"con\" width=\"161\" height=\"161\" y=\"24.75\" x=\"80.5\" anchorOffsetX=\"80.5\" anchorOffsetY=\"24.75\">\r\n\t\t<e:Image source=\"pBottomPhoto_png\"/>\r\n\t\t<e:Image id=\"item\" source=\"pBottomPhoto2_png\"/>\r\n\t</e:Group>\r\n</e:Skin>"
    },
    {
      "path": "resource/eui_skins/com/ComPanel.exml",
      "content": "<?xml version=\"1.0\" encoding=\"utf-8\"?>\r\n<e:Skin class=\"skins.ComPanel\" xmlns:e=\"http://ns.egret.com/eui\" xmlns:w=\"http://ns.egret.com/wing\" xmlns:com=\"com.*\"\r\n        xmlns:item=\"item.*\">\r\n\t<e:Group id=\"con\" width=\"609\" height=\"264\">\r\n\t\t<e:Image id=\"bg\" source=\"pBottom_png\" x=\"304.5\" y=\"132\" anchorOffsetX=\"304.5\" anchorOffsetY=\"132\" />\r\n\t\t<e:Group id=\"conItems\" horizontalCenter=\"12\" top=\"28\">\r\n\t\t\t<com:ComItem id=\"item0\" skinName=\"ComItem\" x=\"0\" y=\"222\" />\r\n\t\t\t<com:ComItem id=\"item1\" skinName=\"ComItem\" x=\"0\" y=\"442\" />\r\n\t\t\t<com:ComItem id=\"item2\" skinName=\"ComItem\" x=\"0\" y=\"0\" />\r\n\t\t\t<e:layout>\r\n\t\t\t\t<e:HorizontalLayout gap=\"-4\" horizontalAlign=\"center\" verticalAlign=\"middle\" />\r\n\t\t\t</e:layout>\r\n\t\t</e:Group>\r\n\t\t<e:Group id=\"conBar\" horizontalCenter=\"-2\" bottom=\"24\" width=\"545\" height=\"80\">\r\n\t\t\t<e:ProgressBar id=\"bar\" skinName=\"ComBar\" minimum=\"0\" maximum=\"60\" x=\"275\" y=\"50\" anchorOffsetX=\"270\"\r\n\t\t\t               anchorOffsetY=\"30\" />\r\n\t\t\t<e:Image id=\"lock\" y=\"0\" x=\"0\" source=\"pBottomClock_png\" />\r\n\t\t</e:Group>\r\n\t</e:Group>\r\n</e:Skin>"
    },
    {
      "path": "resource/eui_skins/com/ComPinOne.exml",
      "content": "<?xml version=\"1.0\" encoding=\"utf-8\"?>\r\n<e:Skin class=\"skins.ComPinOne\" xmlns:e=\"http://ns.egret.com/eui\" xmlns:w=\"http://ns.egret.com/wing\" xmlns:com=\"com.*\"\r\n        xmlns:item=\"item.*\" xmlns:tween=\"egret.tween.*\" width=\"37\" height=\"411\">\r\n\t<w:Config id=\"16f89086a22\"/>\r\n\t<e:Group id=\"con\" width=\"37\" height=\"411\">\r\n\t\t<e:Image id=\"driverPinMap\" source=\"spring0_ui_png\" scaleY=\"-1\" y=\"8\"/>\r\n\t\t<e:Image id=\"driverPin\" source=\"spring0_ui_png\"/>\r\n\t\t<e:Image id=\"keyPin\" source=\"spring1_ui_png\" y=\"338\" x=\"3\" height=\"71\" scale9Grid=\"4,18,26,2\"/>\r\n\r\n\t\t<e:Image id=\"mark\" y=\"201\" x=\"1\" source=\"spring2_ui_png\"/>\r\n\t\t<e:Rect id=\"pos0\" width=\"6\" height=\"6\" x=\"12\" y=\"407\" fillColor=\"0xFF0000\" anchorOffsetX=\"3\" anchorOffsetY=\"3\" visible=\"false\"/>\r\n\t\t<e:Rect id=\"pos1\" width=\"6\" height=\"6\" x=\"26\" y=\"407\" fillColor=\"0xFF0000\" anchorOffsetX=\"3\" anchorOffsetY=\"3\" visible=\"false\"/>\r\n\t\t<!--<e:Rect id=\"pos2\" width=\"6\" height=\"6\" x=\"19\" y=\"407\" fillColor=\"0xFF0000\" anchorOffsetX=\"3\" anchorOffsetY=\"3\"/>-->\r\n\t\t<!--<e:Rect width=\"6\" height=\"6\" x=\"36\" y=\"386\" fillColor=\"0xFF0000\" anchorOffsetX=\"3\" anchorOffsetY=\"3\" id=\"pos3\"/>-->\r\n\t\t<!--<e:Rect id=\"pos4\" width=\"6\" height=\"6\" x=\"4\" y=\"386\" fillColor=\"0xff0000\" anchorOffsetX=\"3\" anchorOffsetY=\"3\"/>-->\r\n\t\t<!--<e:Rect id=\"pos5\" width=\"6\" height=\"6\" x=\"7\" y=\"397\" fillColor=\"0xFF0000\" anchorOffsetX=\"3\" anchorOffsetY=\"3\"/>-->\r\n\t\t<!--<e:Rect id=\"pos6\" width=\"6\" height=\"6\" x=\"33\" y=\"397\" fillColor=\"0xFF0000\" anchorOffsetX=\"3\" anchorOffsetY=\"3\"/>-->\r\n\t\t<!--<e:Rect width=\"6\" height=\"6\" x=\"9\" y=\"403\" fillColor=\"0xFF0000\" anchorOffsetX=\"3\" anchorOffsetY=\"3\" id=\"pos7\"/>-->\r\n\t\t<!--<e:Rect width=\"6\" height=\"6\" x=\"32\" y=\"403\" fillColor=\"0xFF0000\" anchorOffsetX=\"3\" anchorOffsetY=\"3\" id=\"pos8\"/>-->\r\n\t\t<!--<e:Rect id=\"pos9\" width=\"6\" height=\"6\" x=\"4\" y=\"391\" fillColor=\"0xFF0000\" anchorOffsetX=\"3\" anchorOffsetY=\"3\"/>-->\r\n\t\t<!--<e:Rect id=\"pos10\" width=\"6\" height=\"6\" x=\"35\" y=\"391\" fillColor=\"0xFF0000\" anchorOffsetX=\"3\" anchorOffsetY=\"3\"/>-->\r\n\t</e:Group>\r\n\t<e:Rect width=\"80\" height=\"80\" fillAlpha=\"0\" strokeAlpha=\"1\" strokeWeight=\"1\" ellipseWidth=\"160\" ellipseHeight=\"160\" horizontalCenter=\"0\" verticalCenter=\"0\" visible=\"false\"/>\r\n\t<e:Rect width=\"20\" height=\"20\" fillAlpha=\"1\" strokeAlpha=\"1\" strokeWeight=\"0\" ellipseWidth=\"160\" ellipseHeight=\"160\" horizontalCenter=\"0\" verticalCenter=\"0\" fillColor=\"0xffffff\" visible=\"false\"/>\r\n\t<e:Rect width=\"20\" height=\"20\" strokeAlpha=\"1\" ellipseWidth=\"160\" ellipseHeight=\"160\" horizontalCenter=\"0\" verticalCenter=\"0\" fillColor=\"0xFFFFFF\" strokeColor=\"0xffffff\" strokeWeight=\"4\" fillAlpha=\"0\" visible=\"false\"/>\r\n\t<e:Group id=\"conMsk\" width=\"20\" height=\"20\" anchorOffsetX=\"10\" anchorOffsetY=\"10\" x=\"19\" y=\"206\" visible=\"false\">\r\n\t\t<e:Rect id=\"circle0\" width=\"20\" height=\"20\" fillAlpha=\"1\" strokeAlpha=\"1\" strokeWeight=\"0\" ellipseWidth=\"20\" ellipseHeight=\"20\" fillColor=\"0xFFFFFF\" x=\"10\" y=\"10\" anchorOffsetX=\"10\" anchorOffsetY=\"10\" scaleX=\"4\" scaleY=\"4\"/>\r\n\t\t<e:Rect width=\"20\" height=\"20\" fillAlpha=\"1\" strokeAlpha=\"1\" strokeWeight=\"0\" ellipseWidth=\"20\" ellipseHeight=\"20\" id=\"circle1\" blendMode=\"erase\" fillColor=\"0xffffff\" x=\"10\" y=\"10\" anchorOffsetX=\"10\" anchorOffsetY=\"10\"/>\r\n\t</e:Group>\r\n\t<e:Rect width=\"20\" height=\"20\" fillAlpha=\"1\" strokeAlpha=\"1\" strokeWeight=\"0\" ellipseWidth=\"20\" ellipseHeight=\"20\" id=\"circle2\" fillColor=\"0xFFFFFF\" anchorOffsetX=\"10\" anchorOffsetY=\"10\" x=\"19\" y=\"206\" scaleX=\"4\" scaleY=\"4\" visible=\"false\"/>\r\n</e:Skin>"
    },
    {
      "path": "resource/eui_skins/com/ComSaw.exml",
      "content": "<?xml version=\"1.0\" encoding=\"utf-8\"?>\r\n<e:Skin class=\"skins.ComSaw\" xmlns:e=\"http://ns.egret.com/eui\" xmlns:w=\"http://ns.egret.com/wing\" xmlns:com=\"com.*\"\r\n        xmlns:item=\"item.*\">\r\n\t<e:Group id=\"con\" width=\"145\" height=\"289\">\r\n\t\t<e:Image id=\"topLayer\" y=\"0\" source=\"stuff6_lv3_png\"/>\r\n\t</e:Group>\r\n</e:Skin>"
    },
    {
      "path": "resource/eui_skins/com/ComTarget.exml",
      "content": "<?xml version=\"1.0\" encoding=\"utf-8\"?>\r\n<e:Skin class=\"skins.ComTarget\" xmlns:e=\"http://ns.egret.com/eui\" xmlns:w=\"http://ns.egret.com/wing\" xmlns:com=\"com.*\"\r\n        xmlns:item=\"item.*\" xmlns:tween=\"egret.tween.*\">\r\n\t<e:Group id=\"con\" width=\"357\" height=\"460\">\r\n\t\t<e:Image id=\"bg\" source=\"lang_ppic_png\" />\r\n\t\t<e:Group id=\"conTime\" x=\"33\" width=\"292\" height=\"77\" bottom=\"0\">\r\n\t\t\t<e:Image id=\"bgTime\" source=\"lang_ptime_png\" y=\"0\" x=\"0\" />\r\n\t\t\t<e:Label id=\"time\" text=\"00:00\" textColor=\"0x000000\" size=\"46\" verticalCenter=\"0\" anchorOffsetX=\"59\"\r\n\t\t\t         anchorOffsetY=\"23\" horizontalCenter=\"64\" fontFamily=\"Arial\" bold=\"true\" />\r\n\t\t</e:Group>\r\n\t</e:Group>\r\n</e:Skin>"
    },
    {
      "path": "resource/eui_skins/com/ComTattoo.exml",
      "content": "<?xml version=\"1.0\" encoding=\"utf-8\"?>\r\n<e:Skin class=\"skins.ComTattoo\" xmlns:e=\"http://ns.egret.com/eui\" xmlns:w=\"http://ns.egret.com/wing\" xmlns:com=\"com.*\"\r\n        xmlns:item=\"item.*\" xmlns:tween=\"egret.tween.*\">\r\n\t<e:Group id=\"con\" width=\"267\" height=\"324\">\r\n\t\t<e:Image id=\"tattooDebug\" source=\"xlz_machine_001_png\" y=\"80\" />\r\n\t\t<com:ComMovieClip id=\"tattoo\" width=\"267\" height=\"244\" y=\"80\" />\r\n\t\t<e:Group id=\"conCD\" horizontalCenter=\"0\" y=\"0\">\r\n\t\t\t<e:Image id=\"blitz\" source=\"ui6_lightning_png\" x=\"0\" y=\"0\" />\r\n\t\t\t<e:Image source=\"lang_machine_png\" x=\"43\" y=\"6.5\" />\r\n\t\t\t<e:ProgressBar id=\"comBar\" x=\"43\" y=\"56.5\" skinName=\"ComBar\" value=\"100\" />\r\n\t\t</e:Group>\r\n\t</e:Group>\r\n</e:Skin>"
    },
    {
      "path": "resource/eui_skins/com/ComTips.exml",
      "content": "<?xml version=\"1.0\" encoding=\"utf-8\"?>\r\n<e:Skin class=\"skins.ComTips\" xmlns:e=\"http://ns.egret.com/eui\" xmlns:w=\"http://ns.egret.com/wing\" xmlns:com=\"com.*\"\r\n        xmlns:item=\"item.*\">\r\n\t<e:Group id=\"con\" x=\"0\" y=\"0\" width=\"246\" height=\"402\">\r\n\t\t<e:Image id=\"head\"  source=\"lang_tips_png\"/>\r\n\t\t<e:Group id=\"gWord\" x=\"36\" y=\"194\" anchorOffsetX=\"20\" anchorOffsetY=\"3\">\r\n\t\t\t<e:Group id=\"conWord\" x=\"15\" y=\"2\" width=\"233\" height=\"216\">\r\n\t\t\t\t<e:Group id=\"conBubble\" x=\"4\" y=\"0\" scaleX=\"0.6\" scaleY=\"0.6\" anchorOffsetX=\"32\" anchorOffsetY=\"4\" rotation=\"15\">\r\n\t\t\t\t\t<e:Image source=\"pDialog_png\" x=\"0\" y=\"0\"/>\r\n\t\t\t\t</e:Group>\r\n\t\t\t\t<e:Image id=\"word\" source=\"lang_tipsWord_png\" horizontalCenter=\"-32\" verticalCenter=\"-14\"/>\r\n\t\t\t</e:Group>\r\n\t\t</e:Group>\r\n\t</e:Group>\r\n</e:Skin>"
    },
    {
      "path": "resource/eui_skins/com/base/ComEmpty.exml",
      "content": "<?xml version=\"1.0\" encoding=\"utf-8\"?>\r\n<e:Skin class=\"skins.ComEmpty\" width=\"200\" height=\"100\" xmlns:e=\"http://ns.egret.com/eui\" xmlns:w=\"http://ns.egret.com/wing\">\r\n\r\n</e:Skin>"
    },
    {
      "path": "resource/eui_skins/com/inherent/ComBar.exml",
      "content": "<?xml version=\"1.0\" encoding=\"utf-8\"?>\r\n<e:Skin class=\"skins.ComBar\" xmlns:e=\"http://ns.egret.com/eui\" xmlns:w=\"http://ns.egret.com/wing\">\r\n\t<e:Image scale9Grid=\"1,1,4,4\" source=\"ui1_frame_png\"/>\r\n\t<e:Image id=\"thumb\" scale9Grid=\"1,1,4,4\"  source=\"ui2_frame2_png\"/>\r\n\t<e:Label id=\"labelDisplay\" textColor=\"0xffffff\" horizontalCenter=\"0\" verticalCenter=\"0\"  visible=\"false\"/>\r\n</e:Skin>"
    },
    {
      "path": "resource/eui_skins/com/inherent/ComBtn.exml",
      "content": "<?xml version=\"1.0\" encoding=\"utf-8\"?>\r\n<e:Skin class=\"skins.ComBtn\" xmlns:e=\"http://ns.egret.com/eui\" xmlns:w=\"http://ns.egret.com/wing\">\r\n\t<e:Group id=\"con\" width=\"370\" height=\"99\">\r\n\t\t<e:Image id=\"btn\" y=\"49.5\" anchorOffsetX=\"185\" anchorOffsetY=\"49.5\" x=\"185\" source=\"ctat_store_png\" />\r\n\t\t<e:Image id=\"loupe\" y=\"24\" anchorOffsetX=\"40\" anchorOffsetY=\"40\" x=\"334\" source=\"pCtaMagnifier_png\" />\r\n\t\t<e:Image id=\"pos0\" y=\"24\" x=\"334\" source=\"\"  visible=\"false\"/>\r\n\t\t<e:Image id=\"pos1\" y=\"60\" x=\"360\" source=\"\"  visible=\"false\"/>\r\n\t\t<e:Image id=\"pos2\" y=\"74\" x=\"308\" source=\"\"  visible=\"false\"/>\r\n\t</e:Group>\r\n</e:Skin>"
    },
    {
      "path": "resource/eui_skins/com/inherent/ComBubble.exml",
      "content": "<?xml version=\"1.0\" encoding=\"utf-8\"?>\r\n<e:Skin class=\"skins.ComBubble\" xmlns:e=\"http://ns.egret.com/eui\" xmlns:w=\"http://ns.egret.com/wing\" xmlns:com=\"com.*\"\r\n        xmlns:item=\"item.*\">\r\n\t<e:Group id=\"con\" x=\"0\" y=\"0\" width=\"335\" height=\"100\">\r\n\t\t<e:Group id=\"conWord\" width=\"335\" anchorOffsetX=\"148\" anchorOffsetY=\"-20\" height=\"100\" x=\"148\" y=\"-20\" scaleX=\"1\"\r\n\t\t         scaleY=\"1\">\r\n\t\t\t<e:Image id=\"bgDebug\" source=\"pHelpMe_png\" height=\"120\" anchorOffsetX=\"167.5\" anchorOffsetY=\"50\" horizontalCenter=\"0\"\r\n\t\t\t         width=\"335\" y=\"50\" rotation=\"180\" scale9Grid=\"37,28,7,6\" />\r\n\t\t\t<e:Image id=\"bgWord\" source=\"pHelpMe_png\" height=\"120\" anchorOffsetX=\"167.5\" anchorOffsetY=\"50\" horizontalCenter=\"0\"\r\n\t\t\t         scale9Grid=\"37,28,7,6\" width=\"335\" y=\"50\" rotation=\"0\" />\r\n\t\t\t<e:Image id=\"word\" source=\"lang_guide_png\" horizontalCenter=\"0\" verticalCenter=\"0\" />\r\n\t\t</e:Group>\r\n\t</e:Group>\r\n</e:Skin>"
    },
    {
      "path": "resource/eui_skins/com/inherent/ComFloat.exml",
      "content": "<?xml version=\"1.0\" encoding=\"utf-8\"?>\r\n<e:Skin class=\"skins.ComFloat\" xmlns:e=\"http://ns.egret.com/eui\" xmlns:w=\"http://ns.egret.com/wing\" xmlns:com=\"com.*\">\r\n\t<e:Group id=\"con\" x=\"60.5\" y=\"15\" anchorOffsetX=\"60.5\" anchorOffsetY=\"15\">\r\n\t\t<e:Group id=\"conFloat\" x=\"60.5\" y=\"15\" anchorOffsetX=\"60.5\" anchorOffsetY=\"15\">\r\n\t\t\t<e:Image id=\"float\" anchorOffsetX=\"60.5\" anchorOffsetY=\"15\"\r\n\t\t\t          source=\"pBGspray_png\" x=\"60.5\" y=\"15\"/>\r\n\t\t</e:Group>\r\n\t</e:Group>\r\n</e:Skin>"
    },
    {
      "path": "resource/eui_skins/com/inherent/ComGuide.exml",
      "content": "<?xml version=\"1.0\" encoding=\"utf-8\"?>\r\n<e:Skin class=\"skins.ComGuide\" xmlns:e=\"http://ns.egret.com/eui\" xmlns:w=\"http://ns.egret.com/wing\" xmlns:com=\"com.*\">\r\n\t<e:Image id=\"hand\"  x=\"100\" y=\"50\" anchorOffsetX=\"100\" anchorOffsetY=\"50\" source=\"gf_hand_png\"/>\r\n</e:Skin>"
    },
    {
      "path": "resource/eui_skins/com/inherent/ComHeader.exml",
      "content": "<?xml version=\"1.0\" encoding=\"utf-8\"?>\r\n<e:Skin class=\"skins.ComHeader\" xmlns:e=\"http://ns.egret.com/eui\" xmlns:w=\"http://ns.egret.com/wing\" width=\"760\" height=\"275\">\r\n\t<e:Group id=\"con\" y=\"0\" x=\"0\">\r\n\t\t<e:Image id=\"header\" source=\"p_top_png\" y=\"0\" horizontalCenter=\"0\" />\r\n\t\t<e:Group id=\"conTime\" width=\"301\" height=\"76\" left=\"0\" bottom=\"42\">\r\n\t\t\t<e:Image x=\"0\" y=\"0\" source=\"p_time_png\" />\r\n\t\t\t<e:Image id=\"icon\" source=\"p_day_png\" left=\"10\" verticalCenter=\"-1\" />\r\n\t\t\t<e:BitmapLabel id=\"time\" font=\"num_fnt\" text=\"0600\" horizontalCenter=\"37\" verticalCenter=\"10\" />\r\n\t\t</e:Group>\r\n\t\t<e:Group id=\"conNum\" width=\"363\" height=\"60\" right=\"47\" bottom=\"19\">\r\n\t\t\t<e:Image source=\"p_coin_png\" y=\"0\" x=\"0\" />\r\n\t\t\t<e:BitmapLabel id=\"num\" text=\"000000\" font=\"num_fnt\" y=\"19\" horizontalCenter=\"21\" />\r\n\t\t</e:Group>\r\n\t</e:Group>\r\n</e:Skin>"
    },
    {
      "path": "resource/eui_skins/com/inherent/ComLight.exml",
      "content": "<?xml version=\"1.0\" encoding=\"utf-8\"?>\r\n<e:Skin class=\"skins.ComLight\" xmlns:e=\"http://ns.egret.com/eui\" xmlns:w=\"http://ns.egret.com/wing\" width=\"285\" height=\"285\">\r\n\t<e:Group id=\"con\" x=\"0\" y=\"0\" width=\"285\" height=\"285\">\r\n\t</e:Group>\r\n\t<e:Image id=\"warn\" anchorOffsetX=\"35\" anchorOffsetY=\"77\" x=\"160\" y=\"128\" source=\"p_zhiyin1_png\"/>\r\n</e:Skin>"
    },
    {
      "path": "resource/eui_skins/com/inherent/ComNav.exml",
      "content": "<?xml version=\"1.0\" encoding=\"utf-8\"?>\r\n<e:Skin class=\"skins.ComNav\" xmlns:e=\"http://ns.egret.com/eui\" xmlns:w=\"http://ns.egret.com/wing\">\r\n\t<e:Group id=\"con\" y=\"0\" x=\"0\" anchorOffsetX=\"0\" anchorOffsetY=\"0\" width=\"171\" height=\"400\">\r\n\t\t<e:Image id=\"bg\" source=\"ptips_png\" anchorOffsetX=\"85.5\" anchorOffsetY=\"200\" left=\"0\" top=\"0\" />\r\n\t\t<e:Group id=\"item0\" top=\"100\" horizontalCenter=\"0\" width=\"83\" height=\"76\">\r\n\t\t\t<e:Image id=\"target2\" y=\"0\" x=\"0\" source=\"pcell_2_png\" />\r\n\t\t\t<e:Label id=\"num2\" text=\"10\" y=\"37\" stroke=\"2\" strokeColor=\"0xbb7228\" size=\"38\" bold=\"true\" right=\"0\" />\r\n\t\t\t<e:Image id=\"ok2\" x=\"31\" y=\"22\" source=\"a_duigou01_png\" scaleX=\"0.5\" scaleY=\"0.5\" />\r\n\t\t</e:Group>\r\n\t\t<e:Group id=\"item1\" bottom=\"100\" horizontalCenter=\"0\" width=\"83\" height=\"76\">\r\n\t\t\t<e:Image id=\"target6\" y=\"0\" x=\"0\" source=\"pcell_6_png\" />\r\n\t\t\t<e:Label id=\"num6\" text=\"10\" y=\"38\" stroke=\"2\" strokeColor=\"0xBB7228\" size=\"38\" bold=\"true\" right=\"0\" />\r\n\t\t\t<e:Image id=\"ok6\" x=\"31\" y=\"22\" source=\"a_duigou01_png\" scaleX=\"0.5\" scaleY=\"0.5\" />\r\n\t\t</e:Group>\r\n\t</e:Group>\r\n</e:Skin>"
    },
    {
      "path": "resource/eui_skins/com/inherent/ComNpc.exml",
      "content": "<?xml version=\"1.0\" encoding=\"utf-8\"?>\r\n<e:Skin class=\"skins.ComNpc\" xmlns:e=\"http://ns.egret.com/eui\" xmlns:w=\"http://ns.egret.com/wing\" xmlns:com=\"com.*\"\r\n        xmlns:item=\"item.*\">\r\n\t<e:Group id=\"con\" x=\"0\" y=\"0\" width=\"139\" height=\"214\">\r\n\t\t<com:ComMovieClip id=\"npc\" width=\"139\" height=\"214\"/>\r\n\t\t<e:Image id=\"npcDebug\" x=\"0\" y=\"0\" source=\"xlz_idle_01_png\"/>\r\n\t\t<e:Image id=\"npcDieDebug\" y=\"-53\" x=\"-91\" source=\"xlz_bf_06_png\"/>\r\n\t\t<e:Group id=\"conParticles\" y=\"160\" width=\"101\" height=\"60\"  x=\"60\"/>\r\n\t</e:Group>\r\n</e:Skin>"
    },
    {
      "path": "resource/eui_skins/com/inherent/ComPeople.exml",
      "content": "<?xml version=\"1.0\" encoding=\"utf-8\"?>\r\n<e:Skin class=\"skins.ComPeople\" xmlns:e=\"http://ns.egret.com/eui\" xmlns:w=\"http://ns.egret.com/wing\" xmlns:com=\"com.*\"\r\n        xmlns:item=\"item.*\">\r\n\t<e:Group id=\"con\" x=\"11\" y=\"37\" width=\"22\" height=\"37\" anchorOffsetX=\"11\" anchorOffsetY=\"37\">\r\n\t\t<!--<com:ComMovieClip id=\"people\" width=\"101\" height=\"197\" />\r\n\t\t-->\r\n\t\t<!--<e:Image id=\"peopleDebug\" source=\"people1_0_ui_png\" x=\"11\" y=\"37\" anchorOffsetX=\"11\" anchorOffsetY=\"37\" />\r\n\t\t<e:Image id=\"peopleDieDebug\" source=\"people1_1_ui_png\" x=\"11\" y=\"37\" anchorOffsetX=\"11\" anchorOffsetY=\"37\" />\r\n\t\t-->\r\n\t\t<e:Image id=\"people\" source=\"people1_0_ui_png\" x=\"11\" y=\"37\" anchorOffsetX=\"11\" anchorOffsetY=\"37\" />\r\n\t\t<!--<e:Image id=\"peopleWalkDebug\" source=\"xlz_run_01_png\" x=\"0\" y=\"0\" />\r\n\t\t<e:Group id=\"conParticles\" y=\"120\" width=\"101\" height=\"60\" />\r\n\t\t<e:Image id=\"warn\" x=\"32\" y=\"32\" source=\"pScared_png\" anchorOffsetX=\"51\" anchorOffsetY=\"46\" visible=\"false\" />\r\n\t\t-->\r\n\t</e:Group>\r\n</e:Skin>"
    },
    {
      "path": "resource/eui_skins/com/inherent/ComProgress.exml",
      "content": "<?xml version=\"1.0\" encoding=\"utf-8\"?>\r\n<e:Skin class=\"skins.ComProgress\" xmlns:e=\"http://ns.egret.com/eui\" xmlns:w=\"http://ns.egret.com/wing\">\r\n\t<e:Group id=\"con\" y=\"0\" x=\"0\">\r\n\t\t<e:Group id=\"conBar\">\r\n\t\t\t<e:Image source=\"icon3_wait_png\"/>\r\n\t\t\t<e:Image id=\"bar\" x=\"0\" y=\"0\" source=\"icon4_wait_png\"/>\r\n\t\t</e:Group>\r\n\r\n\t</e:Group>\r\n</e:Skin>"
    },
    {
      "path": "resource/eui_skins/scene/GameScene.exml",
      "content": "<?xml version=\"1.0\" encoding=\"utf-8\"?>\r\n<e:Skin class=\"skins.GameScene\" xmlns:e=\"http://ns.egret.com/eui\" xmlns:w=\"http://ns.egret.com/wing\" xmlns:ns1=\"*\"\r\n        xmlns:com=\"com.*\" width=\"750\" height=\"1334\">\r\n\t<w:Config id=\"1699015f821\" />\r\n\t<e:Rect width=\"100%\" height=\"100%\" y=\"0\" fillColor=\"0x61baff\" scaleX=\"1\" scaleY=\"1\" x=\"0\"/>\r\n\t<e:Group id=\"bg_wall\" width=\"100%\" height=\"45%\" x=\"0\" bottom=\"0\">\r\n\t</e:Group>\r\n\t<e:Group id=\"con\" anchorOffsetX=\"0\" width=\"100%\" anchorOffsetY=\"0\" height=\"790\" verticalCenter=\"120\" horizontalCenter=\"0\">\r\n\t\t<e:Rect id=\"floor_1\" width=\"100%\" height=\"1334\" x=\"0\" fillColor=\"0x4ea9f0\" scaleX=\"1\" scaleY=\"1\" y=\"330.28\"/>\r\n\t\t<e:Rect id=\"floor_2\" width=\"100%\" height=\"3\" x=\"0\" fillColor=\"0x000000\" y=\"330.28\" scaleX=\"1\" scaleY=\"1\"/>\r\n\t\t<e:Group id=\"con_ele\" height=\"790\" verticalCenter=\"0\" x=\"-1\" width=\"1139\">\r\n\t\t\t<e:Image id=\"window1\" source=\"pwindow_png\" x=\"656.03\" y=\"70.27\"/>\r\n\t\t\t<e:Image id=\"window2\" source=\"pwindow_png\" x=\"82.42\" y=\"70.27\"/>\r\n\t\t\t<e:Group id=\"light_con\" x=\"544.05\" y=\"196.36\">\r\n\t\t\t\t<e:Image id=\"light_down\" source=\"plight2_png\" x=\"4.01\" y=\"27.29\"/>\r\n\t\t\t\t<e:Image id=\"light_up\" source=\"plight1_png\" x=\"0\" y=\"0\"/>\r\n\t\t\t</e:Group>\r\n\t\t\t<e:Group id=\"oldman_con\" x=\"56.05\" y=\"355.36\">\r\n\t\t\t\t<e:Image id=\"oldman_bed\" source=\"pbeizi4_png\" x=\"0\" y=\"1\" scaleX=\"1\" scaleY=\"1\"/>\r\n\t\t\t\t<e:Image id=\"cover_flip\" source=\"pbeizi3_png\" x=\"-18.33\" y=\"-83.42\" visible=\"false\"/>\r\n\t\t\t\t<e:Image id=\"oldman\" source=\"poldman1_png\" x=\"51\" y=\"12\" scaleX=\"1\" scaleY=\"1\"/>\r\n\t\t\t\t<e:Image id=\"cover_flipping\" source=\"pbeizi2_png\" x=\"49.05\" y=\"-243\" visible=\"false\"/>\r\n\t\t\t\t<e:Image id=\"oldman_cover\" source=\"pbeizi1_png\" x=\"5\" y=\"-4\" scaleX=\"1\" scaleY=\"1\"/>\r\n\t\t\t</e:Group>\r\n\t\t\t<e:Group id=\"pboy_con\" x=\"374.85\" y=\"30.3\" width=\"400\" height=\"400\" anchorOffsetX=\"200\" anchorOffsetY=\"400\">\r\n\t\t\t\t<com:ComMovieClip id=\"pboy_mc\" horizontalCenter=\"0\" bottom=\"0\" width=\"400\" height=\"400\" anchorOffsetX=\"200\" anchorOffsetY=\"400\"/>\r\n\t\t\t</e:Group>\r\n\t\t\t<e:Group id=\"pgirl_con\" x=\"-515.15\" y=\"606.93\" width=\"400\" height=\"400\" anchorOffsetX=\"200\" anchorOffsetY=\"400\">\r\n\t\t\t\t<com:ComMovieClip id=\"pgirl_mc\" horizontalCenter=\"0\" bottom=\"0\" width=\"400\" height=\"400\" anchorOffsetX=\"200\" anchorOffsetY=\"400\"/>\r\n\t\t\t</e:Group>\r\n\t\t\t<e:Image id=\"POS_peopleInit\" width=\"0\" height=\"0\" x=\"-262.64\" y=\"564.76\" scaleX=\"1\" scaleY=\"1\"/>\r\n\t\t\t<e:Image id=\"POS_peopleInit1\" width=\"0\" height=\"0\" x=\"1289.77\" y=\"565.67\" scaleX=\"1\" scaleY=\"1\"/>\r\n\t\t\t<e:Image id=\"POS_boyStart\" width=\"0\" height=\"0\" x=\"230.68\" y=\"564.76\" scaleX=\"1\" scaleY=\"1\"/>\r\n\t\t\t<e:Image id=\"POS_boyAction2\" width=\"0\" height=\"0\" x=\"443.7\" y=\"562.62\" scaleX=\"1\" scaleY=\"1\"/>\r\n\t\t\t<e:Image id=\"POS_boyAction1\" width=\"0\" height=\"0\" x=\"90.06\" y=\"569.58\" scaleX=\"1\" scaleY=\"1\"/>\r\n\t\t\t<e:Image id=\"POS_girlWalk1\" width=\"0\" height=\"0\" x=\"360.69\" y=\"564.76\" scaleX=\"1\" scaleY=\"1\"/>\r\n\t\t\t<e:Image id=\"POS_girlWalk2\" width=\"0\" height=\"0\" x=\"566.73\" y=\"564.76\" scaleX=\"1\" scaleY=\"1\"/>\r\n\t\t\t<e:Image id=\"POS_boyLamp1\" width=\"0\" height=\"0\" x=\"574.36\" y=\"429.66\" scaleX=\"1\" scaleY=\"1\"/>\r\n\t\t\t<e:Image id=\"POS_boyLamp2\" width=\"0\" height=\"0\" x=\"574.36\" y=\"353.66\" scaleX=\"1\" scaleY=\"1\"/>\r\n\t\t\t<e:Group id=\"guide_1\" x=\"97.66\" y=\"429.26\" anchorOffsetX=\"25\" anchorOffsetY=\"25\" width=\"50\" height=\"50\" scaleX=\"1\" scaleY=\"1\"/>\r\n\t\t\t<e:Group id=\"guide_2\" x=\"445\" y=\"433.93\" anchorOffsetX=\"25\" anchorOffsetY=\"25\" width=\"50\" height=\"50\" scaleX=\"1\" scaleY=\"1\"/>\r\n\t\t\t<e:Group id=\"guide_3\" x=\"574.99\" y=\"222.6\" anchorOffsetX=\"25\" anchorOffsetY=\"25\" width=\"50\" height=\"50\" scaleX=\"1\" scaleY=\"1\"/>\r\n\t\t</e:Group>\r\n\t</e:Group>\r\n\r\n\r\n\t<e:Group id=\"progress_con\" horizontalCenter=\"0\" y=\"0\" width=\"697\" height=\"159\">\r\n\t\t<e:Group y=\"0\" horizontalCenter=\"0\">\r\n\t\t\t<e:Image source=\"pframe3_png\" y=\"0\" x=\"0\"/>\r\n\t\t\t<e:Image id=\"progress_red\" source=\"pframe2_png\" y=\"0\" x=\"0\"/>\r\n\t\t\t<e:Image source=\"pframe1_png\" y=\"0\" x=\"0\"/>\r\n\t\t\t<e:Group id=\"progress_mask_con\" y=\"0\" width=\"0\" height=\"74\" left=\"0\" x=\"-67\" scaleX=\"1\" scaleY=\"1\">\r\n\t\t\t\t<e:Rect id=\"progress_mask\" height=\"74\" y=\"0\" fillAlpha=\"1\" fillColor=\"0x53edc5\" left=\"0\" right=\"0\"/>\r\n\t\t\t\t<com:ComMovieClip id=\"progress_girl_mc\" y=\"0\" right=\"-50\"/>\r\n\t\t\t</e:Group>\r\n\t\t</e:Group>\r\n\t\t<e:Image id=\"progress_tips\" source=\"pword_png\" anchorOffsetX=\"138.5\" anchorOffsetY=\"62\" y=\"96.97999999999999\" x=\"558.5\" visible=\"false\"/>\r\n\t</e:Group>\r\n\t<e:Group id=\"tips\" width=\"750\" x=\"0\" y=\"1050\">\r\n\t\t<e:Image id=\"tips_bg\" source=\"pwordframe_png\" fillMode=\"repeat\" anchorOffsetX=\"0\" y=\"0\" width=\"100%\" x=\"0\"/>\r\n\t\t<e:Image id=\"tips_word1\" source=\"pword2_png\" horizontalCenter=\"0.5\" y=\"23\"/>\r\n\t\t<e:Image id=\"tips_word2\" source=\"pword1_png\" horizontalCenter=\"0.5\" y=\"74\"/>\r\n\t</e:Group>\r\n\r\n\t<!--<e:Group id=\"conParticles\" horizontalCenter=\"0\" top=\"0\" touchChildren=\"false\" touchEnabled=\"false\">\r\n\t</e:Group>-->\r\n\r\n\t<!--<e:Group id=\"conFloat\" x=\"0\" width=\"100%\" height=\"82%\" bottom=\"0\">\r\n\t<e:Rect id=\"floatDebug\" width=\"100%\" height=\"100%\" fillColor=\"0x00ff00\" fillAlpha=\"0.3\" x=\"0\" y=\"0\" visible=\"false\" />\r\n</e:Group>\r\n-->\r\n</e:Skin>"
    },
    {
      "path": "resource/eui_skins/ui/UiPeople.exml",
      "content": "<?xml version=\"1.0\" encoding=\"utf-8\"?>\r\n<e:Skin class=\"skins.UiPeople\" width=\"1334\" height=\"750\" xmlns:e=\"http://ns.egret.com/eui\"\r\n        xmlns:w=\"http://ns.egret.com/wing\" xmlns:ns1=\"*\" xmlns:com=\"com.*\">\r\n\t<e:Rect id=\"black\" left=\"0\" top=\"0\" bottom=\"0\" right=\"0\" fillAlpha=\"0.5\" />\r\n\t<e:Group id=\"con\" bottom=\"0\" width=\"1334\" horizontalCenter=\"0\" height=\"468\">\r\n\t\t<e:Group id=\"conBody\" width=\"1180\" y=\"0\" horizontalCenter=\"0\" height=\"468\">\r\n\t\t\t<e:Group id=\"conPeople\" x=\"155\" y=\"468\" width=\"310\" height=\"468\" anchorOffsetX=\"155\" anchorOffsetY=\"468\">\r\n\t\t\t\t<e:Group id=\"conChat\" x=\"199\" y=\"225\" scaleX=\"1\" scaleY=\"1\" anchorOffsetX=\"63\" anchorOffsetY=\"3\" width=\"389\"\r\n\t\t\t\t         height=\"169\">\r\n\t\t\t\t\t<e:Image x=\"0\" y=\"0\" source=\"pwordframe1_png\" />\r\n\t\t\t\t\t<e:Image id=\"word\" source=\"pword1_png\" verticalCenter=\"16\" horizontalCenter=\"10\" />\r\n\t\t\t\t</e:Group>\r\n\t\t\t</e:Group>\r\n\t\t</e:Group>\r\n\t</e:Group>\r\n</e:Skin>"
    },
    {
      "path": "resource/eui_skins/ui/base/UiEmpty.exml",
      "content": "<?xml version=\"1.0\" encoding=\"utf-8\"?>\r\n<e:Skin class=\"skins.UiEmpty\" width=\"750\" height=\"1334\" xmlns:e=\"http://ns.egret.com/eui\" xmlns:w=\"http://ns.egret.com/wing\">\r\n\r\n</e:Skin>"
    },
    {
      "path": "resource/eui_skins/ui/inherent/UiChat.exml",
      "content": "<?xml version=\"1.0\" encoding=\"utf-8\"?>\r\n<e:Skin class=\"skins.UiChat\" width=\"1334\" height=\"750\" xmlns:e=\"http://ns.egret.com/eui\" xmlns:w=\"http://ns.egret.com/wing\">\r\n\t<e:Group id=\"con\" bottom=\"30\" horizontalCenter=\"20\">\r\n\t\t<e:Image width=\"950\" source=\"pwordframe_png\" scale9Grid=\"49,52,64,53\" height=\"256\"/>\r\n\t\t<e:Group id=\"conChat\" height=\"256\" width=\"950\" horizontalCenter=\"0\" y=\"0\">\r\n\t\t\t<e:Image source=\"gword1_png\" x=\"40\" y=\"70\"/>\r\n\t\t\t<e:Image source=\"gword2_png\" x=\"420\" bottom=\"27\"/>\r\n\t\t\t<e:Image x=\"640\" source=\"gtriangle_png\" bottom=\"37\"/>\r\n\t\t\t<e:Image x=\"694\" source=\"gpeople_png\" y=\"-118\"/>\r\n\t\t</e:Group>\r\n\t</e:Group>\r\n</e:Skin>"
    },
    {
      "path": "resource/eui_skins/ui/inherent/UiCongrats.exml",
      "content": "<?xml version=\"1.0\" encoding=\"utf-8\"?>\r\n<e:Skin class=\"skins.UiCongrats\" width=\"750\" height=\"1334\" xmlns:e=\"http://ns.egret.com/eui\"\r\n        xmlns:w=\"http://ns.egret.com/wing\" xmlns:com=\"com.*\">\r\n\t<e:Group id=\"conBg\" width=\"750\" y=\"667\" x=\"375\" height=\"1334\" anchorOffsetX=\"375\" anchorOffsetY=\"667\">\r\n\t\t<e:Image id=\"bg\" source=\"pendframe_png\" fillMode=\"repeat\" left=\"0\" right=\"0\" top=\"0\" bottom=\"0\" />\r\n\t\t<e:Group id=\"bg_mask\" left=\"0\" top=\"0\" bottom=\"0\" right=\"0\">\r\n\t\t\t<e:Rect left=\"0\" right=\"0\" top=\"0\" bottom=\"0\" />\r\n\t\t\t<e:Rect id=\"erase_mask\" height=\"680\" y=\"297.15\" width=\"530\" blendMode=\"erase\" fillColor=\"0xc64d4d\" x=\"110\" />\r\n\t\t</e:Group>\r\n\t\t<e:Group id=\"con\" anchorOffsetX=\"0\" anchorOffsetY=\"0\" horizontalCenter=\"0\" verticalCenter=\"-30.5\" height=\"713\">\r\n\t\t\t<e:Image source=\"eframe_png\" y=\"0\" x=\"0\" />\r\n\t\t\t<e:Image source=\"eframe_png\" y=\"0\" x=\"0\" />\r\n\t\t\t<e:Group id=\"conBoy\" horizontalCenter=\"0\" verticalCenter=\"0\">\r\n\t\t\t\t<e:layout>\r\n\t\t\t\t\t<e:HorizontalLayout/>\r\n\t\t\t\t</e:layout>\r\n\t\t\t</e:Group>\r\n\r\n\t\t</e:Group>\r\n\t\t<e:Image id=\"btnRe\" source=\"button3_png\" y=\"1081.94\" horizontalCenter=\"0\" visible=\"false\" />\r\n\t\t<e:Image id=\"logo\" source=\"blogo_png\" y=\"78\" horizontalCenter=\"-1\" visible=\"false\" />\r\n\t</e:Group>\r\n</e:Skin>"
    },
    {
      "path": "resource/eui_skins/ui/inherent/UiEnd.exml",
      "content": "<?xml version=\"1.0\" encoding=\"utf-8\"?>\r\n<e:Skin class=\"skins.UiEnd\" height=\"1334\" xmlns:e=\"http://ns.egret.com/eui\" xmlns:w=\"http://ns.egret.com/wing\"\r\n        xmlns:ns1=\"*\" xmlns:com=\"com.*\" xmlns:tween=\"egret.tween.*\" width=\"750\">\r\n\t<e:Group id=\"outCon\" x=\"375\" y=\"667\" anchorOffsetX=\"375\" anchorOffsetY=\"667\" width=\"750\" height=\"1334\">\r\n\t\t<e:Group id=\"conBg\" anchorOffsetX=\"0\" anchorOffsetY=\"0\" width=\"750\" height=\"1334\" y=\"0\" x=\"0\">\r\n\t\t\t<e:Image id=\"bg\" source=\"pendframe_png\" fillMode=\"repeat\" width=\"750\" height=\"1334\" y=\"0\" x=\"0\"/>\r\n\t\t</e:Group>\r\n\t\t<e:Group id=\"bg_mask\" width=\"750\" height=\"1334\" y=\"0\" x=\"0\">\r\n\t\t\t<e:Rect id=\"mask_bg\" width=\"750\" height=\"1334\" x=\"0\" y=\"0\"/>\r\n\t\t\t<e:Rect id=\"erase_mask\" height=\"680\" width=\"530\" blendMode=\"erase\" fillColor=\"0xc64d4d\" x=\"375\" y=\"667\" anchorOffsetX=\"265\" anchorOffsetY=\"340\"/>\r\n\t\t</e:Group>\r\n\t\t<e:Group id=\"con_frame\" x=\"375\" y=\"667.5\" anchorOffsetX=\"284\" anchorOffsetY=\"356.5\">\r\n\t\t\t<e:Image source=\"eframe_png\" x=\"0\" y=\"0\" scaleX=\"1\" scaleY=\"1\"/>\r\n\t\t\t<e:Image id=\"boygirl\" source=\"epic2_png\" x=\"72\" y=\"164\" visible=\"false\"/>\r\n\t\t\t<e:Group id=\"conBoy\" scaleX=\"1\" scaleY=\"1\" verticalCenter=\"0\" horizontalCenter=\"0\"/>\r\n\t\t</e:Group>\r\n\t\t<e:Image id=\"logo\" source=\"blogo_png\" x=\"374\" y=\"161\" anchorOffsetX=\"211\" anchorOffsetY=\"83\"/>\r\n\t\t<e:Image id=\"btnRe\" source=\"button3_png\" x=\"375\" y=\"1142\" anchorOffsetX=\"241\" anchorOffsetY=\"60\"/>\r\n\t\t<e:Image id=\"btnDownload\" source=\"button2_png\" x=\"374\" y=\"1274\" anchorOffsetX=\"241\" anchorOffsetY=\"60\"/>\r\n\t</e:Group>\r\n\r\n\t<!--<w:Declarations>\r\n\t<tween:TweenGroup id=\"cool\">\r\n\t\t<tween:TweenItem target=\"{con_cool_0}\">\r\n\t\t\t<tween:Set>\r\n\t\t\t\t<tween:props>\r\n\t\t\t\t\t<e:Object x=\"{0}\" />\r\n\t\t\t\t</tween:props>\r\n\t\t\t</tween:Set>\r\n\t\t\t<tween:To duration=\"10000\">\r\n\t\t\t\t<tween:props>\r\n\t\t\t\t\t<e:Object x=\"{-1334}\" />\r\n\t\t\t\t</tween:props>\r\n\t\t\t</tween:To>\r\n\t\t</tween:TweenItem>\r\n\t\t<tween:TweenItem target=\"{con_cool_1}\">\r\n\t\t\t<tween:Set>\r\n\t\t\t\t<tween:props>\r\n\t\t\t\t\t<e:Object x=\"{1334}\" />\r\n\t\t\t\t</tween:props>\r\n\t\t\t</tween:Set>\r\n\t\t\t<tween:To duration=\"10000\">\r\n\t\t\t\t<tween:props>\r\n\t\t\t\t\t<e:Object x=\"{0}\" />\r\n\t\t\t\t</tween:props>\r\n\t\t\t</tween:To>\r\n\t\t</tween:TweenItem>\r\n\t</tween:TweenGroup>\r\n</w:Declarations>\r\n-->\r\n<!--<e:Image id=\"bg\" source=\"e_bg_jpg\" fillMode=\"repeat\" x=\"0\" y=\"0\" height=\"100%\" width=\"100%\" />\r\n-->\r\n<!--<e:Rect id=\"black\" left=\"0\" top=\"0\" right=\"0\" bottom=\"0\" fillAlpha=\"0.5\" visible=\"false\" />\r\n<e:Group id=\"conBg\" width=\"1334\" height=\"1334\" horizontalCenter=\"0\" bottom=\"0\">\r\n\t<e:Image id=\"bg\" source=\"ebg_jpg\" />\r\n\t<e:Image source=\"ending_1_png\" visible=\"false\" />\r\n\t<com:ComMovieClip id=\"mcBg\" width=\"1334\" height=\"1334\" />\r\n</e:Group>\r\n<e:Group id=\"conLogo\" top=\"10%\" horizontalCenter=\"0\">\r\n\t<e:Image id=\"logo\" source=\"blogo_png\" x=\"0\" y=\"0\" />\r\n</e:Group>\r\n<e:Group id=\"conBtn\" horizontalCenter=\"0\" bottom=\"38%\">\r\n\t<e:Image id=\"replay\" x=\"241\" y=\"60\" source=\"\" />\r\n\t<e:Image id=\"btn\" x=\"200.5\" anchorOffsetX=\"200.5\" anchorOffsetY=\"79.5\" y=\"79.5\" source=\"lang_ebtn_install_png\" />\r\n</e:Group>\r\n-->\r\n</e:Skin>"
    },
    {
      "path": "resource/eui_skins/ui/inherent/UiEndFail.exml",
      "content": "<?xml version=\"1.0\" encoding=\"utf-8\"?>\r\n<e:Skin class=\"skins.UiEndFail\" width=\"750\" height=\"1334\" xmlns:e=\"http://ns.egret.com/eui\" xmlns:w=\"http://ns.egret.com/wing\"\r\n        xmlns:ns1=\"*\" xmlns:com=\"com.*\">\r\n\t<e:Rect id=\"black\" width=\"100%\" height=\"100%\"\r\n\t         fillColor=\"0x000000\" fillAlpha=\"0.7\"/>\r\n\t<e:Group id=\"conPeople\"  horizontalCenter=\"-20\" verticalCenter=\"-8%\" width=\"451\" height=\"366\">\r\n\r\n\t</e:Group>\r\n\t<e:Group id=\"conBtn\" horizontalCenter=\"0\" x=\"191\" bottom=\"18%\" width=\"371\" height=\"223\">\r\n\r\n\r\n\t</e:Group>\r\n\r\n</e:Skin>"
    },
    {
      "path": "resource/eui_skins/ui/inherent/UiFirst.exml",
      "content": "<?xml version=\"1.0\" encoding=\"utf-8\"?>\r\n<e:Skin class=\"skins.UiFirst\" width=\"750\" height=\"1334\" xmlns:e=\"http://ns.egret.com/eui\" xmlns:w=\"http://ns.egret.com/wing\">\r\n\t<!--<e:Rect id=\"bg\" width=\"750\" height=\"150\" x=\"0\" y=\"0\" fillColor=\"0x2f3651\" fillAlpha=\"0.5\" />-->\r\n\t<e:Group id=\"conLogo\" anchorOffsetX=\"0\" anchorOffsetY=\"0\" y=\"0\" x=\"0\">\r\n\t\t<e:Group id=\"gLogo\" x=\"0\" y=\"0\" scaleX=\"1.2\" scaleY=\"1.2\">\r\n\t\t\t<e:Image id=\"logo\" source=\"blogo_png\" x=\"0.83\" y=\"0\" scaleX=\"0.8333333333333334\" scaleY=\"0.8333333333333334\"/>\r\n\r\n\t\t</e:Group>\r\n\t</e:Group>\r\n\t<e:Group id=\"conBtn\" anchorOffsetX=\"0\" anchorOffsetY=\"0\" y=\"300\" x=\"0\">\r\n\t\t<e:Group id=\"gBtn\" scaleX=\"0.8\" scaleY=\"0.8\">\r\n\t\t\t<e:Image id=\"btn\" source=\"bbutton1_png\" x=\"0\" y=\"-16.25\" scaleX=\"1.25\" scaleY=\"1.25\"/>\r\n\r\n\r\n\t\t</e:Group>\r\n\t</e:Group>\r\n</e:Skin>"
    },
    {
      "path": "resource/eui_skins/ui/inherent/UiStart.exml",
      "content": "<?xml version=\"1.0\" encoding=\"utf-8\"?>\r\n<e:Skin class=\"skins.UiStart\" width=\"1334\" height=\"750\" xmlns:e=\"http://ns.egret.com/eui\" xmlns:w=\"http://ns.egret.com/wing\"\r\n        xmlns:ns1=\"*\" xmlns:com=\"com.*\">\r\n\t<e:Rect id=\"black\" left=\"0\" top=\"0\" bottom=\"0\" right=\"0\" fillAlpha=\"0.5\" />\r\n\t<e:Group id=\"con\" width=\"0\" height=\"0\" horizontalCenter=\"0\" bottom=\"0\">\r\n\t\t<e:Group id=\"conParticle\" y=\"50\" x=\"0\" width=\"0\" height=\"0\" touchChildren=\"false\" touchEnabled=\"false\" touchThrough=\"true\" scaleX=\"1\" scaleY=\"1\"/>\r\n\t</e:Group>\r\n\r\n\r\n\t<e:Group id=\"conPeople\" left=\"-110\" bottom=\"-234\" width=\"516\" height=\"942\">\r\n\t\t<e:Image id=\"people\" x=\"0\" y=\"0\" source=\"ui5_npc_png\" scaleX=\"2\" scaleY=\"2\"/>\r\n\t</e:Group>\r\n\t<e:Group id=\"gWord\" bottom=\"250\" width=\"527\" height=\"235\" left=\"250\">\r\n\t\t<e:Image id=\"guidePos\" x=\"330\" y=\"200\" source=\"\" visible=\"false\"/>\r\n\t\t<e:Group id=\"conWord\" y=\"50\" width=\"527\" height=\"235\" anchorOffsetY=\"50\">\r\n\t\t\t<e:Image source=\"ui6_wordframe_png\"/>\r\n\t\t<e:Image id=\"word\" source=\"lang_gword1_png\" horizontalCenter=\"0\" verticalCenter=\"0\"/>\r\n\t\t<e:Image id=\"btnTips\" source=\"lang_gword2_png\"/>\r\n\t\t</e:Group>\r\n\t</e:Group>\r\n\r\n</e:Skin>"
    },
    {
      "path": "resource/eui_skins/ui/inherent/UiTran.exml",
      "content": "<?xml version=\"1.0\" encoding=\"utf-8\"?>\r\n<e:Skin class=\"skins.UiTran\" width=\"750\" height=\"1334\" xmlns:e=\"http://ns.egret.com/eui\" xmlns:w=\"http://ns.egret.com/wing\">\r\n\t<e:Rect id=\"black\" width=\"100%\" height=\"100%\" fillColor=\"0x000000\" fillAlpha=\"0.7\"  visible=\"false\"/>\r\n\t<e:Group id=\"conColorBar\" height=\"215\" horizontalCenter=\"0\" verticalCenter=\"-20%\" rotation=\"-20\" width=\"893\">\r\n\t\t<e:Image id=\"colorBar\" source=\"win1_ui_jpg\" x=\"446.5\" y=\"107.5\" anchorOffsetX=\"446.5\" anchorOffsetY=\"107.5\" scale9Grid=\"111,8,671,196\"/>\r\n\t</e:Group>\r\n\t<e:Rect id=\"light\" width=\"100%\" height=\"100%\" x=\"10\" y=\"10\" fillColor=\"0xffffff\"  visible=\"false\"/>\r\n\t<e:Group id=\"conWord\" horizontalCenter=\"0\" verticalCenter=\"-30%\" anchorOffsetX=\"286\" anchorOffsetY=\"148\">\r\n\t\t<e:Image id=\"word\" x=\"286\" y=\"148\" anchorOffsetX=\"286\" anchorOffsetY=\"148\" source=\"lang_win_png\"/>\r\n\t</e:Group>\r\n\t<e:Group id=\"conParticles\" width=\"0\" height=\"0\" scaleX=\"1\" scaleY=\"1\" left=\"0\" bottom=\"0\"/>\r\n</e:Skin>"
    },
    {
      "path": "resource/eui_skins/ui/inherent/UiTranEnd.exml",
      "content": "<?xml version=\"1.0\" encoding=\"utf-8\"?>\r\n<e:Skin class=\"skins.UiTranEnd\" width=\"750\" height=\"1334\" xmlns:e=\"http://ns.egret.com/eui\" xmlns:w=\"http://ns.egret.com/wing\">\r\n\t<e:Rect id=\"black\" width=\"100%\" height=\"100%\" fillColor=\"0x000000\" fillAlpha=\"0.7\"  visible=\"false\"/>\r\n\t<e:Group id=\"con\" width=\"0\" height=\"0\" horizontalCenter=\"0\" bottom=\"0\">\r\n\t\t<e:Group id=\"conParticle\" y=\"50\" x=\"0\" width=\"0\" height=\"0\" touchChildren=\"false\" touchEnabled=\"false\" touchThrough=\"true\" scaleX=\"1\" scaleY=\"1\"/>\r\n\t\t<!--<e:Image id=\"bg\" source=\"lang_caughtyou_png\" x=\"271\" y=\"363\" anchorOffsetX=\"271\" anchorOffsetY=\"363\" />\r\n\t\t-->\r\n\t</e:Group>\r\n\t<e:Rect id=\"light\" width=\"100%\" height=\"100%\" x=\"10\" y=\"10\" fillColor=\"0xffffff\" visible=\"false\" />\r\n</e:Skin>"
    }
  ]
}