{"frameRate":24,"armature":[{"frameRate":24,"defaultActions":[{"gotoAndPlay":"people"}],"skin":[{"name":"","slot":[{"display":[{"type":"image","transform":{"skY":89.8502,"y":2.4441,"skX":89.8502,"x":-0.3074},"name":"椭圆 1","path":"椭圆 1"}],"name":"椭圆 1"},{"display":[{"type":"image","transform":{"skY":89.8502,"y":-35.387,"skX":89.8502,"x":179.2198},"name":"组 3","path":"组 3"}],"name":"组 3"},{"display":[{"type":"image","transform":{"skY":89.8502,"y":2.4441,"skX":89.8502,"x":-0.3074},"name":"椭圆 1","path":"椭圆 1"}],"name":"椭圆 11"},{"display":[{"type":"image","transform":{"skY":89.8502,"y":-35.387,"skX":89.8502,"x":179.2198},"name":"组 3","path":"组 3"}],"name":"组 31"},{"display":[{"type":"image","transform":{},"name":"椭圆 3 拷贝 2","path":"椭圆 3 拷贝 2"}],"name":"椭圆 3 拷贝 2"},{"display":[{"type":"image","transform":{"skY":-50.3116,"y":0.9537,"skX":-50.3116,"x":35.2266},"name":"phand","path":"phand"}],"name":"phand"}]}],"animation":[{"bone":[{"frame":[{"transform":{},"duration":30}],"name":"root"},{"frame":[{"duration":15,"transform":{},"curve":[0,0,0.5,1]},{"duration":15,"transform":{"x":84.6277},"curve":[0,0,0.5,1]},{"duration":0,"transform":{}}],"name":"people"},{"frame":[{"duration":15,"transform":{},"curve":[0,0,0.5,1]},{"duration":15,"transform":{"x":84.6277},"curve":[0,0,0.5,1]},{"duration":0,"transform":{}}],"name":"shadow"},{"frame":[{"duration":15,"transform":{},"curve":[0,0,0.5,1]},{"duration":15,"transform":{"scY":-1,"x":84.6277},"curve":[0,0,0.5,1]},{"duration":0,"transform":{"scY":-1}}],"name":"people1"},{"frame":[{"duration":15,"transform":{},"curve":[0,0,0.5,1]},{"duration":15,"transform":{"scY":-1,"x":146.4202},"curve":[0,0,0.5,1]},{"duration":0,"transform":{"scY":-1,"x":59.9959}}],"name":"shadow1"},{"frame":[{"transform":{},"duration":30}],"name":"bone"},{"frame":[{"transform":{},"duration":30}],"name":"phand"}],"duration":30,"frame":[],"slot":[{"name":"椭圆 1","frame":[{"tweenEasing":null,"duration":15},{"tweenEasing":null,"displayIndex":-1,"duration":15},{"tweenEasing":null,"duration":0}]},{"name":"组 3","frame":[{"tweenEasing":null,"duration":15},{"tweenEasing":null,"displayIndex":-1,"duration":15},{"tweenEasing":null,"duration":0}]},{"name":"组 31","frame":[{"tweenEasing":null,"displayIndex":-1,"duration":15},{"tweenEasing":null,"duration":15},{"tweenEasing":null,"displayIndex":-1,"duration":0}]},{"name":"椭圆 11","frame":[{"tweenEasing":null,"displayIndex":-1,"duration":15},{"tweenEasing":null,"duration":15},{"tweenEasing":null,"displayIndex":-1,"duration":0}]},{"name":"椭圆 3 拷贝 2","frame":[{"tweenEasing":null,"displayIndex":-1,"duration":30}]},{"name":"phand","frame":[{"tweenEasing":null,"displayIndex":-1,"duration":30}]}],"ffd":[],"playTimes":0,"name":"people","ik":[]},{"bone":[{"frame":[{"transform":{},"duration":15}],"name":"root"},{"frame":[{"duration":15,"transform":{}}],"name":"people"},{"frame":[{"duration":15,"transform":{}}],"name":"shadow"},{"frame":[{"duration":15,"transform":{}}],"name":"people1"},{"frame":[{"duration":15,"transform":{}}],"name":"shadow1"},{"frame":[{"duration":15,"transform":{},"curve":[0,0,0.5,1]},{"duration":0,"transform":{"scX":2.6,"scY":2.6}}],"name":"bone"},{"frame":[{"duration":4,"transform":{"y":16.8969,"scX":0.9,"scY":0.9,"x":17.2259},"curve":[0,0,0.5,1]},{"duration":11,"transform":{},"curve":[0.5,0,1,1]},{"duration":0,"transform":{"y":16.8969,"scX":0.9,"scY":0.9,"x":17.2259}}],"name":"phand"}],"duration":15,"frame":[],"slot":[{"name":"椭圆 1","frame":[{"tweenEasing":null,"displayIndex":-1,"duration":15}]},{"name":"组 3","frame":[{"tweenEasing":null,"displayIndex":-1,"duration":15}]},{"name":"组 31","frame":[{"tweenEasing":null,"displayIndex":-1,"duration":15}]},{"name":"椭圆 11","frame":[{"tweenEasing":null,"displayIndex":-1,"duration":15}]},{"name":"椭圆 3 拷贝 2","frame":[{"duration":15,"curve":[0,0,0.5,1]},{"color":{"aM":0},"tweenEasing":null,"duration":0}]}],"ffd":[],"playTimes":0,"name":"guide","ik":[]}],"aabb":{"x":-201.4201846300853,"y":-365.96176607895154,"width":257.07759786233106,"height":426.9046120417386},"slot":[{"color":{},"name":"椭圆 1","parent":"shadow"},{"z":1,"color":{},"name":"组 3","parent":"people"},{"z":2,"color":{},"name":"椭圆 11","parent":"shadow1"},{"z":3,"color":{},"name":"组 31","parent":"people1"},{"z":4,"color":{},"name":"椭圆 3 拷贝 2","parent":"bone"},{"z":5,"color":{},"name":"phand","parent":"phand"}],"bone":[{"transform":{},"name":"root"},{"length":267,"parent":"root","transform":{"skY":-89.8502,"y":-0.65,"skX":-89.8502,"x":-45.502},"name":"people"},{"transform":{"skY":-89.8502,"y":0.7,"skX":-89.8502,"x":-79.452},"name":"shadow","parent":"root"},{"length":267,"parent":"root","transform":{"skY":-89.8502,"y":-0.65,"skX":-89.8502,"x":-45.502},"name":"people1"},{"transform":{"skY":-89.8502,"y":0.7,"skX":-89.8502,"x":-79.452},"name":"shadow1","parent":"root"},{"transform":{},"name":"bone","parent":"root"},{"length":62,"parent":"root","transform":{"skY":50.3116,"y":2.7259,"skX":50.3116,"x":2.3952},"name":"phand"}],"type":"Armature","name":"Armature","ik":[]}],"version":"5.0","name":"ppeople","isGlobal":0}