{
  "skins": {
    "eui.Button": "resource/eui_skins/ButtonSkin.exml",
    "eui.CheckBox": "resource/eui_skins/CheckBoxSkin.exml",
    "eui.HScrollBar": "resource/eui_skins/HScrollBarSkin.exml",
    "eui.HSlider": "resource/eui_skins/HSliderSkin.exml",
    "eui.Panel": "resource/eui_skins/PanelSkin.exml",
    "eui.TextInput": "resource/eui_skins/TextInputSkin.exml",
    "eui.ProgressBar": "resource/eui_skins/ProgressBarSkin.exml",
    "eui.RadioButton": "resource/eui_skins/RadioButtonSkin.exml",
    "eui.Scroller": "resource/eui_skins/ScrollerSkin.exml",
    "eui.ToggleSwitch": "resource/eui_skins/ToggleSwitchSkin.exml",
    "eui.VScrollBar": "resource/eui_skins/VScrollBarSkin.exml",
    "eui.VSlider": "resource/eui_skins/VSliderSkin.exml",
    "eui.ItemRenderer": "resource/eui_skins/ItemRendererSkin.exml"
  },
  "autoGenerateExmlsList": true,
  "exmls": [
    {
      "path": "resource/eui_skins/HScrollBarSkin.exml",
      "content": "<?xml version=\"1.0\" encoding=\"utf-8\"?>\r\n<e:Skin class=\"skins.HScrollBarSkin\" minWidth=\"20\" minHeight=\"8\" xmlns:e=\"http://ns.egret.com/eui\">\r\n    <e:Image id=\"thumb\" scale9Grid=\"3,3,2,2\" height=\"8\" width=\"30\" verticalCenter=\"0\" source=\"\"/>\r\n</e:Skin>\r\n"
    },
    {
      "path": "resource/eui_skins/ScrollerSkin.exml",
      "content": "<?xml version=\"1.0\" encoding=\"utf-8\"?>\r\n<e:Skin class=\"skins.ScrollerSkin\" minWidth=\"20\" minHeight=\"20\" xmlns:e=\"http://ns.egret.com/eui\">\r\n    <e:HScrollBar id=\"horizontalScrollBar\" width=\"100%\" bottom=\"0\"/>\r\n    <e:VScrollBar id=\"verticalScrollBar\" height=\"100%\" right=\"0\"/>\r\n</e:Skin>"
    },
    {
      "path": "resource/eui_skins/VScrollBarSkin.exml",
      "content": "<?xml version=\"1.0\" encoding=\"utf-8\"?>\r\n<e:Skin class=\"skins.VScrollBarSkin\" minWidth=\"8\" minHeight=\"20\" xmlns:e=\"http://ns.egret.com/eui\">\r\n    <e:Image id=\"thumb\" scale9Grid=\"3,3,2,2\" height=\"30\" width=\"8\" horizontalCenter=\"0\" source=\"\"/>\r\n</e:Skin>\r\n"
    },
    {
      "path": "resource/eui_skins/VSliderSkin.exml",
      "content": "<?xml version=\"1.0\" encoding=\"utf-8\"?>\r\n<e:Skin class=\"skins.VSliderSkin\" minWidth=\"25\" minHeight=\"30\" xmlns:e=\"http://ns.egret.com/eui\">\r\n    <e:Image id=\"track\" source=\"track_png\" scale9Grid=\"1,1,4,4\" width=\"7\" height=\"100%\" horizontalCenter=\"0\"/>\r\n    <e:Image id=\"thumb\" source=\"thumb_png\" horizontalCenter=\"0\" />\r\n</e:Skin>\r\n"
    },
    {
      "path": "resource/eui_skins/com/ComArrow.exml",
      "content": "<?xml version=\"1.0\" encoding=\"utf-8\"?>\r\n<e:Skin class=\"skins.ComArrow\" xmlns:e=\"http://ns.egret.com/eui\" xmlns:w=\"http://ns.egret.com/wing\">\r\n\t<e:Group id=\"con\" width=\"39\" height=\"25\">\r\n\t\t<e:Image id=\"item\" source=\"pArrow_png\" x=\"0\" y=\"0\" />\r\n\t</e:Group>\r\n</e:Skin>"
    },
    {
      "path": "resource/eui_skins/com/ComBookshelf.exml",
      "content": "<?xml version=\"1.0\" encoding=\"utf-8\"?>\n<e:Skin class=\"skins.ComBookshelf\" xmlns:e=\"http://ns.egret.com/eui\" xmlns:w=\"http://ns.egret.com/wing\" xmlns:com=\"com.*\"\n        xmlns:item=\"item.*\">\n\t<e:Group id=\"con\" x=\"0\" y=\"0\" width=\"312\" height=\"522\">\n\t\t<e:Image y=\"92\" source=\"pLv3bookcase_png\" x=\"40\" />\n\t\t<e:Image id=\"photo\" source=\"pLv3store1_png\" x=\"110\" y=\"0\" />\n\t\t<e:Image id=\"sexyBook\" x=\"126\" y=\"126\" source=\"pLv3SexyBook_png\"/>\n\t\t<item:ItemImgBase id=\"lv0\" x=\"64\" y=\"130\" source=\"pLvBook1_png\" />\n\t\t<item:ItemImgBase id=\"lv1\" x=\"62\" y=\"244\" source=\"pLv3Book2_png\" />\n\t\t<item:ItemImgBase id=\"lv2\" x=\"60\" y=\"345\" source=\"pLv3Book3_png\" />\n\t\t<e:Image id=\"book0\" y=\"308\" x=\"0\" source=\"pLvBookOut1_png\" visible=\"false\" />\n\t\t<e:Image y=\"330\" id=\"book1\" x=\"227\" source=\"pLvBookOut2_png\" visible=\"false\" />\n\t\t<e:Image y=\"350\" id=\"book2\" x=\"126\" source=\"pLv3BookOut3_png\" visible=\"false\" />\n\t</e:Group>\n</e:Skin>"
    },
    {
      "path": "resource/eui_skins/com/ComBox.exml",
      "content": "<?xml version=\"1.0\" encoding=\"utf-8\"?>\n<e:Skin class=\"skins.ComBox\" xmlns:e=\"http://ns.egret.com/eui\" xmlns:w=\"http://ns.egret.com/wing\" xmlns:com=\"com.*\"\n        xmlns:item=\"item.*\">\n\t<e:Group id=\"con\" width=\"138\" height=\"137\">\n\t\t<e:Image id=\"bottomLayer\" source=\"box2_lv2_jpg\"/>\n\t\t<e:Image id=\"topLayer\" source=\"box1_lv2_jpg\" y=\"0\"/>\n\t</e:Group>\n</e:Skin>"
    },
    {
      "path": "resource/eui_skins/com/ComCell.exml",
      "content": "<?xml version=\"1.0\" encoding=\"utf-8\"?>\r\n<e:Skin class=\"skins.ComCell\" xmlns:e=\"http://ns.egret.com/eui\" xmlns:w=\"http://ns.egret.com/wing\" width=\"80\" height=\"80\">\r\n\t<e:Group id=\"con\" anchorOffsetX=\"25\" anchorOffsetY=\"25\" width=\"50\" height=\"50\" x=\"40\" y=\"40\">\r\n\t\t<e:Image id=\"item\" anchorOffsetX=\"25\" anchorOffsetY=\"24\"  source=\"pBallRed_png\" x=\"25\" y=\"25\"/>\r\n\t</e:Group>\r\n</e:Skin>"
    },
    {
      "path": "resource/eui_skins/com/ComChat.exml",
      "content": "<?xml version=\"1.0\" encoding=\"utf-8\"?>\n<e:Skin class=\"skins.ComChat\" xmlns:e=\"http://ns.egret.com/eui\" xmlns:w=\"http://ns.egret.com/wing\" xmlns:com=\"com.*\"\n        xmlns:item=\"item.*\">\n\t<e:Image id=\"hand\" source=\"head_boy_png\" x=\"50\" y=\"10\"  anchorOffsetX=\"50\" anchorOffsetY=\"50\"/>\n\t<e:Group id=\"con\" x=\"115\" y=\"0\">\n\t\t<e:Image id=\"chat\" source=\"lang_text1_png\" x=\"0\" y=\"0\"/>\n\t</e:Group>\n</e:Skin>"
    },
    {
      "path": "resource/eui_skins/com/ComCloset.exml",
      "content": "<?xml version=\"1.0\" encoding=\"utf-8\"?>\n<e:Skin class=\"skins.ComCloset\" xmlns:e=\"http://ns.egret.com/eui\" xmlns:w=\"http://ns.egret.com/wing\" xmlns:com=\"com.*\"\n        xmlns:item=\"item.*\" width=\"351\" height=\"333\">\n\t<e:Group id=\"con\" x=\"0\" y=\"0\" width=\"351\" height=\"333\">\n\t\t<e:Image source=\"pLv2Ye_png\"/>\n\t\t<e:Image id=\"door\"  source=\"pLv2Ye1_png\"/>\n\t</e:Group>\n</e:Skin>"
    },
    {
      "path": "resource/eui_skins/com/ComDoor.exml",
      "content": "<?xml version=\"1.0\" encoding=\"utf-8\"?>\n<e:Skin class=\"skins.ComDoor\" xmlns:e=\"http://ns.egret.com/eui\" xmlns:w=\"http://ns.egret.com/wing\" xmlns:com=\"com.*\"\n        xmlns:item=\"item.*\">\n\t<e:Group id=\"con\" x=\"0\" y=\"0\" width=\"134\" height=\"240\">\n\t\t<com:ComNpc id=\"comNpc\" skinName=\"ComNpc\" y=\"244\" x=\"67.5\" anchorOffsetX=\"69.5\" anchorOffsetY=\"214\"/>\n\t\t<e:Image source=\"pdoor1_png\" x=\"0\" y=\"0\" scaleX=\"1\" scaleY=\"1\"/>\n\t\t<e:Image id=\"door\" source=\"pdoor2_png\" x=\"0\" y=\"0\" scaleX=\"1\" scaleY=\"1\"/>\n\t</e:Group>\n</e:Skin>"
    },
    {
      "path": "resource/eui_skins/com/ComFrog.exml",
      "content": "<?xml version=\"1.0\" encoding=\"utf-8\"?>\n<e:Skin class=\"skins.ComFrog\" xmlns:e=\"http://ns.egret.com/eui\" xmlns:w=\"http://ns.egret.com/wing\" xmlns:com=\"com.*\"\n        xmlns:item=\"item.*\" width=\"257\" height=\"260\">\n\t<e:Group id=\"con\" x=\"0\" y=\"0\" width=\"257\" height=\"260\">\n\t\t<e:Image y=\"161\" x=\"0\"  source=\"pLv1Leaf_png\"/>\n\t\t<e:Image id=\"body\" x=\"50\" y=\"0\" source=\"pLv1Ye5_png\"/>\n\t\t<e:Image id=\"body0\" x=\"26\" y=\"98\" source=\"pLv1Ye4_png\" visible=\"false\"/>\n\t\t<e:Image id=\"face\" x=\"50\" y=\"0\" source=\"pLv1Ye1_png\" visible=\"false\"/>\n\t\t<e:Image id=\"wrong\" x=\"184\" y=\"36\" source=\"pLv1Wrong_png\" anchorOffsetX=\"35\" anchorOffsetY=\"32.5\" visible=\"false\"/>\n\t\t<e:Image x=\"150\" y=\"132\" source=\"pLv1Wrong_png\" anchorOffsetX=\"35\" anchorOffsetY=\"32.5\" visible=\"false\"/>\n\t</e:Group>\n</e:Skin>"
    },
    {
      "path": "resource/eui_skins/com/ComHead.exml",
      "content": "<?xml version=\"1.0\" encoding=\"utf-8\"?>\n<e:Skin class=\"skins.ComHead\" xmlns:e=\"http://ns.egret.com/eui\" xmlns:w=\"http://ns.egret.com/wing\" xmlns:com=\"com.*\"\n        xmlns:item=\"item.*\" width=\"317\" height=\"342\">\n\t<e:Group id=\"con\" x=\"0\" y=\"0\" height=\"273\" width=\"241\">\n\t\t<e:Image id=\"head\" y=\"0\" x=\"0\" scaleX=\"1\" scaleY=\"1\" source=\"ui10_head_png\"/>\n\t\t<e:Image id=\"emoji\" x=\"193\" y=\"212\" source=\"ui11_emoji_png\" anchorOffsetX=\"48\" anchorOffsetY=\"48\"/>\n\t</e:Group>\n\t<e:Image id=\"chat\" x=\"72\" y=\"146\" anchorOffsetX=\"92\" anchorOffsetY=\"3\" source=\"lang_gword3_png\"/>\n</e:Skin>"
    },
    {
      "path": "resource/eui_skins/com/ComHouse.exml",
      "content": "<?xml version=\"1.0\" encoding=\"utf-8\"?>\r\n<e:Skin class=\"skins.ComHouse\" xmlns:e=\"http://ns.egret.com/eui\" xmlns:w=\"http://ns.egret.com/wing\" xmlns:com=\"com.*\"\r\n        xmlns:item=\"item.*\" width=\"510\" height=\"293\">\r\n\t<e:Group id=\"con\" x=\"0\" y=\"0\" width=\"510\" height=\"293\">\r\n\t\t<e:Image id=\"lawn\" source=\"ui4_floor_png\" scaleX=\"1\" scaleY=\"1\" horizontalCenter=\"0\" bottom=\"0\"/>\r\n\t\t<e:Image id=\"guidePos\" scaleX=\"1\" scaleY=\"1\" y=\"0\" source=\"\" x=\"255\" visible=\"false\"/>\r\n\t\t<e:Group id=\"conFlag\" width=\"225\" height=\"173\" bottom=\"100\" horizontalCenter=\"-44.5\">\r\n\t\t\t<e:Image id=\"flag0\" scaleX=\"1\" scaleY=\"1\" source=\"ui1_flag_png\" anchorOffsetX=\"48.5\" anchorOffsetY=\"123\" x=\"158\" y=\"158\" visible=\"false\"/>\r\n\t\t\t<e:Image id=\"flag1\" anchorOffsetX=\"158\" anchorOffsetY=\"158\" source=\"ui2_flag_png\" x=\"158\" y=\"158\" visible=\"false\"/>\r\n\t\t\t<e:Image id=\"flag2\" scaleX=\"1\" scaleY=\"1\" anchorOffsetX=\"158\" anchorOffsetY=\"158\" x=\"158\" y=\"158\" source=\"ui3_flag_png\" visible=\"false\"/>\r\n\t\t</e:Group>\r\n\t\t<e:Group id=\"conHouse\" width=\"510\" height=\"293\" y=\"0\" x=\"0\">\r\n\t\t</e:Group>\r\n\t\t<e:Group id=\"conEff0\" y=\"30\" width=\"0\" height=\"0\" touchChildren=\"false\" touchEnabled=\"false\" touchThrough=\"true\" x=\"255\">\r\n\t\t\t<e:Image id=\"moneyDebug\" source=\"xle_money_1_png\" x=\"0\" y=\"0\" anchorOffsetX=\"256\" anchorOffsetY=\"256\" visible=\"false\"/>\r\n\t\t\t<com:ComMovieClip id=\"mcMoney\" width=\"512\" height=\"512\" x=\"0\" y=\"0\" anchorOffsetX=\"256\" anchorOffsetY=\"256\"/>\r\n\t\t</e:Group>\r\n\t\t<e:Group id=\"conParticle0\" y=\"80\" width=\"0\" height=\"0\" touchChildren=\"false\" touchEnabled=\"false\" touchThrough=\"true\" x=\"255\">\r\n\t\t</e:Group>\r\n\t\t<e:Group id=\"conMoney\" y=\"-100\" width=\"159\" height=\"120\" x=\"176\">\r\n\t\t\t<e:Image id=\"money\" source=\"icon1_money_png\" x=\"79.5\" y=\"60\" anchorOffsetX=\"79.5\" anchorOffsetY=\"60\" visible=\"false\"/>\r\n\t\t</e:Group>\r\n\t\t<e:Group id=\"conUpgrade\" y=\"-95\" width=\"360\" height=\"80\" x=\"75\">\r\n\t\t\t<e:Image id=\"upgrade\" x=\"180\" y=\"40\" anchorOffsetX=\"180\" anchorOffsetY=\"40\" source=\"lang_levelup_png\" visible=\"false\"/>\r\n\t\t</e:Group>\r\n\t\t<e:Group id=\"conBar\" y=\"-70\" width=\"70\" height=\"70\" x=\"220\">\r\n\t\t\t<com:ComProgress id=\"comProgress\" skinName=\"ComProgress\" scaleX=\"1\" scaleY=\"1\" x=\"35\" y=\"35\" anchorOffsetX=\"35\" anchorOffsetY=\"35\" visible=\"false\"/>\r\n\t\t</e:Group>\r\n\t\t<e:Group id=\"conEff1\" y=\"30\" width=\"0\" height=\"0\" touchChildren=\"false\" touchEnabled=\"false\" touchThrough=\"true\" x=\"255\" scaleX=\"2\" scaleY=\"2\">\r\n\t\t\t<e:Image id=\"levelupDebug\" scaleX=\"1\" scaleY=\"1\" source=\"xle_levelup_1_png\" anchorOffsetX=\"200\" anchorOffsetY=\"200\" x=\"0\" y=\"0\" visible=\"false\"/>\r\n\t\t\t<com:ComMovieClip id=\"mcLevelup\" width=\"400\" height=\"400\" scaleX=\"1\" scaleY=\"1\" anchorOffsetX=\"200\" anchorOffsetY=\"200\" x=\"0\" y=\"0\"/>\r\n\t\t</e:Group>\r\n\t\t<e:Group id=\"conEff2\" y=\"80\" width=\"0\" height=\"0\" touchChildren=\"false\" touchEnabled=\"false\" touchThrough=\"true\" x=\"255\" scaleX=\"2\" scaleY=\"2\">\r\n\t\t\t<e:Image id=\"buildupDebug\" scaleX=\"1\" scaleY=\"1\" anchorOffsetX=\"150\" anchorOffsetY=\"150\" x=\"0\" y=\"0\" source=\"xle_buildup_1_png\" visible=\"false\"/>\r\n\t\t\t<com:ComMovieClip id=\"mcBuildup\" width=\"300\" height=\"300\" scaleX=\"1\" scaleY=\"1\" anchorOffsetX=\"150\" anchorOffsetY=\"150\" x=\"0\" y=\"0\"/>\r\n\t\t</e:Group>\r\n\t\t<e:Image id=\"posPeople_0_0\" width=\"0\" height=\"0\" x=\"534\" y=\"147\"/>\r\n\t\t<e:Image id=\"posPeople_1_0\" width=\"0\" height=\"0\" y=\"-22\" x=\"255\"/>\r\n\t\t<e:Image id=\"posPeople_0_1\" width=\"0\" height=\"0\" y=\"315\" x=\"255\"/>\r\n\t\t<e:Image id=\"posPeople_1_1\" width=\"0\" height=\"0\" y=\"147\" x=\"-22\"/>\r\n\t</e:Group>\r\n</e:Skin>"
    },
    {
      "path": "resource/eui_skins/com/ComItem.exml",
      "content": "<?xml version=\"1.0\" encoding=\"utf-8\"?>\n<e:Skin class=\"skins.ComItem\" xmlns:e=\"http://ns.egret.com/eui\" xmlns:w=\"http://ns.egret.com/wing\" xmlns:com=\"com.*\"\n        xmlns:item=\"item.*\" width=\"161\" height=\"161\">\n\t<e:Group id=\"con\" width=\"161\" height=\"161\" y=\"24.75\" x=\"80.5\" anchorOffsetX=\"80.5\" anchorOffsetY=\"24.75\">\n\t\t<e:Image source=\"pBottomPhoto_png\"/>\n\t\t<e:Image id=\"item\" source=\"pBottomPhoto2_png\"/>\n\t</e:Group>\n</e:Skin>"
    },
    {
      "path": "resource/eui_skins/com/ComLamp.exml",
      "content": "<?xml version=\"1.0\" encoding=\"utf-8\"?>\n<e:Skin class=\"skins.ComLamp\" xmlns:e=\"http://ns.egret.com/eui\" xmlns:w=\"http://ns.egret.com/wing\" xmlns:com=\"com.*\"\n        xmlns:item=\"item.*\">\n\t<e:Group id=\"con\" width=\"42\" height=\"43\">\n\t\t<e:Image source=\"light1_ui_png\"/>\n\t\t<e:Image id=\"light\" source=\"light2_ui_png\" x=\"21\" y=\"21.5\" anchorOffsetX=\"21\" anchorOffsetY=\"21.5\" visible=\"false\"/>\n\t</e:Group>\n</e:Skin>"
    },
    {
      "path": "resource/eui_skins/com/ComPanel.exml",
      "content": "<?xml version=\"1.0\" encoding=\"utf-8\"?>\r\n<e:Skin class=\"skins.ComPanel\" xmlns:e=\"http://ns.egret.com/eui\" xmlns:w=\"http://ns.egret.com/wing\" xmlns:com=\"com.*\"\r\n        xmlns:item=\"item.*\">\r\n\t<e:Group id=\"con\" width=\"609\" height=\"264\">\r\n\t\t<e:Image id=\"bg\" source=\"pBottom_png\" x=\"304.5\" y=\"132\" anchorOffsetX=\"304.5\" anchorOffsetY=\"132\" />\r\n\t\t<e:Group id=\"conItems\" horizontalCenter=\"12\" top=\"28\">\r\n\t\t\t<com:ComItem id=\"item0\" skinName=\"ComItem\" x=\"0\" y=\"222\" />\r\n\t\t\t<com:ComItem id=\"item1\" skinName=\"ComItem\" x=\"0\" y=\"442\" />\r\n\t\t\t<com:ComItem id=\"item2\" skinName=\"ComItem\" x=\"0\" y=\"0\" />\r\n\t\t\t<e:layout>\r\n\t\t\t\t<e:HorizontalLayout gap=\"-4\" horizontalAlign=\"center\" verticalAlign=\"middle\" />\r\n\t\t\t</e:layout>\r\n\t\t</e:Group>\r\n\t\t<e:Group id=\"conBar\" horizontalCenter=\"-2\" bottom=\"24\" width=\"545\" height=\"80\">\r\n\t\t\t<e:ProgressBar id=\"bar\" skinName=\"ComBar\" minimum=\"0\" maximum=\"60\" x=\"275\" y=\"50\" anchorOffsetX=\"270\"\r\n\t\t\t               anchorOffsetY=\"30\" />\r\n\t\t\t<e:Image id=\"lock\" y=\"0\" x=\"0\" source=\"pBottomClock_png\" />\r\n\t\t</e:Group>\r\n\t</e:Group>\r\n</e:Skin>"
    },
    {
      "path": "resource/eui_skins/com/ComPinOne.exml",
      "content": "<?xml version=\"1.0\" encoding=\"utf-8\"?>\r\n<e:Skin class=\"skins.ComPinOne\" xmlns:e=\"http://ns.egret.com/eui\" xmlns:w=\"http://ns.egret.com/wing\" xmlns:com=\"com.*\"\r\n        xmlns:item=\"item.*\" xmlns:tween=\"egret.tween.*\" width=\"37\" height=\"411\">\r\n\t<w:Config id=\"16f89086a22\"/>\r\n\t<e:Group id=\"con\" width=\"37\" height=\"411\">\r\n\t\t<e:Image id=\"driverPinMap\" source=\"spring0_ui_png\" scaleY=\"-1\" y=\"8\"/>\r\n\t\t<e:Image id=\"driverPin\" source=\"spring0_ui_png\"/>\r\n\t\t<e:Image id=\"keyPin\" source=\"spring1_ui_png\" y=\"338\" x=\"3\" height=\"71\" scale9Grid=\"4,18,26,2\"/>\r\n\r\n\t\t<e:Image id=\"mark\" y=\"201\" x=\"1\" source=\"spring2_ui_png\"/>\r\n\t\t<e:Rect id=\"pos0\" width=\"6\" height=\"6\" x=\"12\" y=\"407\" fillColor=\"0xFF0000\" anchorOffsetX=\"3\" anchorOffsetY=\"3\" visible=\"false\"/>\r\n\t\t<e:Rect id=\"pos1\" width=\"6\" height=\"6\" x=\"26\" y=\"407\" fillColor=\"0xFF0000\" anchorOffsetX=\"3\" anchorOffsetY=\"3\" visible=\"false\"/>\r\n\t\t<!--<e:Rect id=\"pos2\" width=\"6\" height=\"6\" x=\"19\" y=\"407\" fillColor=\"0xFF0000\" anchorOffsetX=\"3\" anchorOffsetY=\"3\"/>-->\r\n\t\t<!--<e:Rect width=\"6\" height=\"6\" x=\"36\" y=\"386\" fillColor=\"0xFF0000\" anchorOffsetX=\"3\" anchorOffsetY=\"3\" id=\"pos3\"/>-->\r\n\t\t<!--<e:Rect id=\"pos4\" width=\"6\" height=\"6\" x=\"4\" y=\"386\" fillColor=\"0xff0000\" anchorOffsetX=\"3\" anchorOffsetY=\"3\"/>-->\r\n\t\t<!--<e:Rect id=\"pos5\" width=\"6\" height=\"6\" x=\"7\" y=\"397\" fillColor=\"0xFF0000\" anchorOffsetX=\"3\" anchorOffsetY=\"3\"/>-->\r\n\t\t<!--<e:Rect id=\"pos6\" width=\"6\" height=\"6\" x=\"33\" y=\"397\" fillColor=\"0xFF0000\" anchorOffsetX=\"3\" anchorOffsetY=\"3\"/>-->\r\n\t\t<!--<e:Rect width=\"6\" height=\"6\" x=\"9\" y=\"403\" fillColor=\"0xFF0000\" anchorOffsetX=\"3\" anchorOffsetY=\"3\" id=\"pos7\"/>-->\r\n\t\t<!--<e:Rect width=\"6\" height=\"6\" x=\"32\" y=\"403\" fillColor=\"0xFF0000\" anchorOffsetX=\"3\" anchorOffsetY=\"3\" id=\"pos8\"/>-->\r\n\t\t<!--<e:Rect id=\"pos9\" width=\"6\" height=\"6\" x=\"4\" y=\"391\" fillColor=\"0xFF0000\" anchorOffsetX=\"3\" anchorOffsetY=\"3\"/>-->\r\n\t\t<!--<e:Rect id=\"pos10\" width=\"6\" height=\"6\" x=\"35\" y=\"391\" fillColor=\"0xFF0000\" anchorOffsetX=\"3\" anchorOffsetY=\"3\"/>-->\r\n\t</e:Group>\r\n\t<e:Rect width=\"80\" height=\"80\" fillAlpha=\"0\" strokeAlpha=\"1\" strokeWeight=\"1\" ellipseWidth=\"160\" ellipseHeight=\"160\" horizontalCenter=\"0\" verticalCenter=\"0\" visible=\"false\"/>\r\n\t<e:Rect width=\"20\" height=\"20\" fillAlpha=\"1\" strokeAlpha=\"1\" strokeWeight=\"0\" ellipseWidth=\"160\" ellipseHeight=\"160\" horizontalCenter=\"0\" verticalCenter=\"0\" fillColor=\"0xffffff\" visible=\"false\"/>\r\n\t<e:Rect width=\"20\" height=\"20\" strokeAlpha=\"1\" ellipseWidth=\"160\" ellipseHeight=\"160\" horizontalCenter=\"0\" verticalCenter=\"0\" fillColor=\"0xFFFFFF\" strokeColor=\"0xffffff\" strokeWeight=\"4\" fillAlpha=\"0\" visible=\"false\"/>\r\n\t<e:Group id=\"conMsk\" width=\"20\" height=\"20\" anchorOffsetX=\"10\" anchorOffsetY=\"10\" x=\"19\" y=\"206\" visible=\"false\">\r\n\t\t<e:Rect id=\"circle0\" width=\"20\" height=\"20\" fillAlpha=\"1\" strokeAlpha=\"1\" strokeWeight=\"0\" ellipseWidth=\"20\" ellipseHeight=\"20\" fillColor=\"0xFFFFFF\" x=\"10\" y=\"10\" anchorOffsetX=\"10\" anchorOffsetY=\"10\" scaleX=\"4\" scaleY=\"4\"/>\r\n\t\t<e:Rect width=\"20\" height=\"20\" fillAlpha=\"1\" strokeAlpha=\"1\" strokeWeight=\"0\" ellipseWidth=\"20\" ellipseHeight=\"20\" id=\"circle1\" blendMode=\"erase\" fillColor=\"0xffffff\" x=\"10\" y=\"10\" anchorOffsetX=\"10\" anchorOffsetY=\"10\"/>\r\n\t</e:Group>\r\n\t<e:Rect width=\"20\" height=\"20\" fillAlpha=\"1\" strokeAlpha=\"1\" strokeWeight=\"0\" ellipseWidth=\"20\" ellipseHeight=\"20\" id=\"circle2\" fillColor=\"0xFFFFFF\" anchorOffsetX=\"10\" anchorOffsetY=\"10\" x=\"19\" y=\"206\" scaleX=\"4\" scaleY=\"4\" visible=\"false\"/>\r\n</e:Skin>"
    },
    {
      "path": "resource/eui_skins/com/ComSaw.exml",
      "content": "<?xml version=\"1.0\" encoding=\"utf-8\"?>\n<e:Skin class=\"skins.ComSaw\" xmlns:e=\"http://ns.egret.com/eui\" xmlns:w=\"http://ns.egret.com/wing\" xmlns:com=\"com.*\"\n        xmlns:item=\"item.*\">\n\t<e:Group id=\"con\" width=\"145\" height=\"289\">\n\t\t<e:Image id=\"topLayer\" y=\"0\" source=\"stuff6_lv3_png\"/>\n\t</e:Group>\n</e:Skin>"
    },
    {
      "path": "resource/eui_skins/com/ComTarget.exml",
      "content": "<?xml version=\"1.0\" encoding=\"utf-8\"?>\r\n<e:Skin class=\"skins.ComTarget\" xmlns:e=\"http://ns.egret.com/eui\" xmlns:w=\"http://ns.egret.com/wing\" xmlns:com=\"com.*\"\r\n        xmlns:item=\"item.*\" xmlns:tween=\"egret.tween.*\">\r\n\t<e:Group id=\"con\" width=\"357\" height=\"460\">\r\n\t\t<e:Image id=\"bg\" source=\"lang_ppic_png\" />\r\n\t\t<e:Group id=\"conTime\" x=\"33\" width=\"292\" height=\"77\" bottom=\"0\">\r\n\t\t\t<e:Image id=\"bgTime\" source=\"lang_ptime_png\" y=\"0\" x=\"0\" />\r\n\t\t\t<e:Label id=\"time\" text=\"00:00\" textColor=\"0x000000\" size=\"46\" verticalCenter=\"0\" anchorOffsetX=\"59\"\r\n\t\t\t         anchorOffsetY=\"23\" horizontalCenter=\"64\" fontFamily=\"Arial\" bold=\"true\" />\r\n\t\t</e:Group>\r\n\t</e:Group>\r\n</e:Skin>"
    },
    {
      "path": "resource/eui_skins/com/ComTattoo.exml",
      "content": "<?xml version=\"1.0\" encoding=\"utf-8\"?>\r\n<e:Skin class=\"skins.ComTattoo\" xmlns:e=\"http://ns.egret.com/eui\" xmlns:w=\"http://ns.egret.com/wing\" xmlns:com=\"com.*\"\r\n        xmlns:item=\"item.*\" xmlns:tween=\"egret.tween.*\">\r\n\t<e:Group id=\"con\" width=\"267\" height=\"324\">\r\n\t\t<e:Image id=\"tattooDebug\" source=\"xlz_machine_001_png\" y=\"80\" />\r\n\t\t<com:ComMovieClip id=\"tattoo\" width=\"267\" height=\"244\" y=\"80\" />\r\n\t\t<e:Group id=\"conCD\" horizontalCenter=\"0\" y=\"0\">\r\n\t\t\t<e:Image id=\"blitz\" source=\"ui6_lightning_png\" x=\"0\" y=\"0\" />\r\n\t\t\t<e:Image source=\"lang_machine_png\" x=\"43\" y=\"6.5\" />\r\n\t\t\t<e:ProgressBar id=\"comBar\" x=\"43\" y=\"56.5\" skinName=\"ComBar\" value=\"100\" />\r\n\t\t</e:Group>\r\n\t</e:Group>\r\n</e:Skin>"
    },
    {
      "path": "resource/eui_skins/com/ComTips.exml",
      "content": "<?xml version=\"1.0\" encoding=\"utf-8\"?>\n<e:Skin class=\"skins.ComTips\" xmlns:e=\"http://ns.egret.com/eui\" xmlns:w=\"http://ns.egret.com/wing\" xmlns:com=\"com.*\"\n        xmlns:item=\"item.*\">\n\t<e:Group id=\"con\" x=\"0\" y=\"0\" width=\"246\" height=\"402\">\n\t\t<e:Image id=\"head\"  source=\"lang_tips_png\"/>\n\t\t<e:Group id=\"gWord\" x=\"36\" y=\"194\" anchorOffsetX=\"20\" anchorOffsetY=\"3\">\n\t\t\t<e:Group id=\"conWord\" x=\"15\" y=\"2\" width=\"233\" height=\"216\">\n\t\t\t\t<e:Group id=\"conBubble\" x=\"4\" y=\"0\" scaleX=\"0.6\" scaleY=\"0.6\" anchorOffsetX=\"32\" anchorOffsetY=\"4\" rotation=\"15\">\n\t\t\t\t\t<e:Image source=\"pDialog_png\" x=\"0\" y=\"0\"/>\n\t\t\t\t</e:Group>\n\t\t\t\t<e:Image id=\"word\" source=\"lang_tipsWord_png\" horizontalCenter=\"-32\" verticalCenter=\"-14\"/>\n\t\t\t</e:Group>\n\t\t</e:Group>\n\t</e:Group>\n</e:Skin>"
    },
    {
      "path": "resource/eui_skins/com/ComUnlock.exml",
      "content": "<?xml version=\"1.0\" encoding=\"utf-8\"?>\r\n<e:Skin class=\"skins.ComUnlock\" xmlns:e=\"http://ns.egret.com/eui\" xmlns:w=\"http://ns.egret.com/wing\" xmlns:com=\"com.*\"\r\n        xmlns:item=\"item.*\" xmlns:tween=\"egret.tween.*\">\r\n\t<w:Config id=\"16f9a6cf587\" />\r\n\t<e:Group id=\"gCon\" x=\"0\" y=\"0\">\r\n\t\t<e:Image id=\"bg\" source=\"key0_ui_png\" />\r\n\t\t<e:Group id=\"con\" width=\"753\" height=\"667\" x=\"7\" y=\"6\">\r\n\t\t\t<e:Rect id=\"msk\" width=\"753\" height=\"667\" horizontalCenter=\"0\" verticalCenter=\"0\" visible=\"false\" />\r\n\t\t\t<e:Image id=\"hall\" source=\"fame1_ui_png\" x=\"260\" y=\"207\" />\r\n\t\t\t<e:Group id=\"conKey\" x=\"0\" y=\"321\" width=\"579\" height=\"295\">\r\n\t\t\t\t<e:Image id=\"key\" x=\"0\" y=\"0\"  source=\"key2_ui_png\"/>\r\n\t\t\t\t<e:Rect visible=\"false\" width=\"6\" height=\"6\" fillColor=\"0x00FF00\" anchorOffsetX=\"3\" anchorOffsetY=\"3\" x=\"283\"\r\n\t\t\t\t        y=\"105\" id=\"pos0\" />\r\n\t\t\t\t<e:Rect visible=\"false\" width=\"6\" height=\"6\" fillColor=\"0x00FF00\" anchorOffsetX=\"3\" anchorOffsetY=\"3\" x=\"308\"\r\n\t\t\t\t        y=\"105\" id=\"pos1\" />\r\n\t\t\t\t<e:Rect visible=\"false\" width=\"6\" height=\"6\" fillColor=\"0x00FF00\" anchorOffsetX=\"3\" anchorOffsetY=\"3\" x=\"312\" y=\"97\"\r\n\t\t\t\t        id=\"pos2\" />\r\n\t\t\t\t<e:Rect visible=\"false\" width=\"6\" height=\"6\" fillColor=\"0x00FF00\" anchorOffsetX=\"3\" anchorOffsetY=\"3\" x=\"326.8\"\r\n\t\t\t\t        y=\"97\" id=\"pos3\" />\r\n\t\t\t\t<e:Rect visible=\"false\" width=\"6\" height=\"6\" fillColor=\"0x00FF00\" anchorOffsetX=\"3\" anchorOffsetY=\"3\" x=\"330\"\r\n\t\t\t\t        y=\"104\" id=\"pos4\" />\r\n\t\t\t\t<e:Rect visible=\"false\" width=\"6\" height=\"6\" fillColor=\"0x00FF00\" anchorOffsetX=\"3\" anchorOffsetY=\"3\" x=\"353\"\r\n\t\t\t\t        y=\"104\" id=\"pos5\" />\r\n\t\t\t\t<e:Rect visible=\"false\" width=\"6\" height=\"6\" fillColor=\"0x00FF00\" anchorOffsetX=\"3\" anchorOffsetY=\"3\" x=\"358\" y=\"91\"\r\n\t\t\t\t        id=\"pos6\" />\r\n\t\t\t\t<e:Rect visible=\"false\" width=\"6\" height=\"6\" fillColor=\"0x00FF00\" anchorOffsetX=\"3\" anchorOffsetY=\"3\" x=\"373\" y=\"91\"\r\n\t\t\t\t        id=\"pos7\" />\r\n\t\t\t\t<e:Rect visible=\"false\" width=\"6\" height=\"6\" fillColor=\"0x00FF00\" anchorOffsetX=\"3\" anchorOffsetY=\"3\" x=\"378\"\r\n\t\t\t\t        y=\"103\" id=\"pos8\" />\r\n\t\t\t\t<e:Rect visible=\"false\" width=\"6\" height=\"6\" fillColor=\"0x00FF00\" anchorOffsetX=\"3\" anchorOffsetY=\"3\" x=\"402\"\r\n\t\t\t\t        y=\"103\" id=\"pos9\" />\r\n\t\t\t\t<e:Rect visible=\"false\" width=\"6\" height=\"6\" fillColor=\"0x00FF00\" anchorOffsetX=\"3\" anchorOffsetY=\"3\" x=\"404\" y=\"98\"\r\n\t\t\t\t        id=\"pos10\" />\r\n\t\t\t\t<e:Rect visible=\"false\" width=\"6\" height=\"6\" fillColor=\"0x00FF00\" anchorOffsetX=\"3\" anchorOffsetY=\"3\" x=\"418\" y=\"98\"\r\n\t\t\t\t        id=\"pos11\" />\r\n\t\t\t\t<e:Rect visible=\"false\" width=\"6\" height=\"6\" fillColor=\"0x00FF00\" anchorOffsetX=\"3\" anchorOffsetY=\"3\" x=\"421\"\r\n\t\t\t\t        y=\"102\" id=\"pos12\" />\r\n\t\t\t\t<e:Rect visible=\"false\" width=\"6\" height=\"6\" fillColor=\"0x00FF00\" anchorOffsetX=\"3\" anchorOffsetY=\"3\" x=\"446\"\r\n\t\t\t\t        y=\"101\" id=\"pos13\" />\r\n\t\t\t\t<e:Rect visible=\"false\" width=\"6\" height=\"6\" fillColor=\"0x00FF00\" anchorOffsetX=\"3\" anchorOffsetY=\"3\" x=\"449\" y=\"96\"\r\n\t\t\t\t        id=\"pos14\" />\r\n\t\t\t\t<e:Rect visible=\"false\" width=\"6\" height=\"6\" fillColor=\"0x00FF00\" anchorOffsetX=\"3\" anchorOffsetY=\"3\" x=\"464\" y=\"96\"\r\n\t\t\t\t        id=\"pos15\" />\r\n\t\t\t\t<e:Rect visible=\"false\" width=\"6\" height=\"6\" fillColor=\"0x00FF00\" anchorOffsetX=\"3\" anchorOffsetY=\"3\" x=\"466\"\r\n\t\t\t\t        y=\"100\" id=\"pos16\" />\r\n\t\t\t\t<e:Rect visible=\"false\" width=\"6\" height=\"6\" fillColor=\"0x00FF00\" anchorOffsetX=\"3\" anchorOffsetY=\"3\" x=\"490\"\r\n\t\t\t\t        y=\"100\" id=\"pos17\" />\r\n\t\t\t\t<e:Rect visible=\"false\" width=\"6\" height=\"6\" fillColor=\"0x00FF00\" anchorOffsetX=\"3\" anchorOffsetY=\"3\" x=\"493\" y=\"96\"\r\n\t\t\t\t        id=\"pos18\" />\r\n\t\t\t\t<e:Rect visible=\"false\" width=\"6\" height=\"6\" fillColor=\"0x00FF00\" anchorOffsetX=\"3\" anchorOffsetY=\"3\" x=\"508\" y=\"96\"\r\n\t\t\t\t        id=\"pos19\" />\r\n\t\t\t\t<e:Rect visible=\"false\" width=\"6\" height=\"6\" fillColor=\"0x00FF00\" anchorOffsetX=\"3\" anchorOffsetY=\"3\" x=\"510\" y=\"99\"\r\n\t\t\t\t        id=\"pos20\" />\r\n\t\t\t\t<e:Rect visible=\"false\" width=\"6\" height=\"6\" fillColor=\"0x00FF00\" anchorOffsetX=\"3\" anchorOffsetY=\"3\" x=\"203\"\r\n\t\t\t\t        y=\"107\" id=\"pos25\" />\r\n\t\t\t\t<e:Rect visible=\"false\" width=\"6\" height=\"6\" fillColor=\"0x00FF00\" anchorOffsetX=\"3\" anchorOffsetY=\"3\" x=\"263\"\r\n\t\t\t\t        y=\"106\" id=\"pos26\" />\r\n\t\t\t\t<e:Rect visible=\"false\" width=\"6\" height=\"6\" fillColor=\"0x00FF00\" anchorOffsetX=\"3\" anchorOffsetY=\"3\" x=\"266\"\r\n\t\t\t\t        y=\"103\" id=\"pos27\" />\r\n\t\t\t\t<e:Rect visible=\"false\" width=\"6\" height=\"6\" fillColor=\"0x00FF00\" anchorOffsetX=\"3\" anchorOffsetY=\"3\" x=\"279\"\r\n\t\t\t\t        y=\"103\" id=\"pos28\" />\r\n\t\t\t\t<e:Rect visible=\"false\" width=\"6\" height=\"6\" fillColor=\"0x00FF00\" anchorOffsetX=\"3\" anchorOffsetY=\"3\" x=\"282\"\r\n\t\t\t\t        y=\"105\" id=\"pos29\" />\r\n\t\t\t\t<e:Rect visible=\"false\" width=\"6\" height=\"6\" fillColor=\"0x00FF00\" anchorOffsetX=\"3\" anchorOffsetY=\"3\" x=\"297\"\r\n\t\t\t\t        y=\"105\" id=\"pos30\" />\r\n\t\t\t\t<e:Rect visible=\"false\" width=\"6\" height=\"6\" fillColor=\"0x00FF00\" anchorOffsetX=\"3\" anchorOffsetY=\"3\" x=\"302\" y=\"99\"\r\n\t\t\t\t        id=\"pos31\" />\r\n\t\t\t\t<e:Rect visible=\"false\" width=\"6\" height=\"6\" fillColor=\"0x00FF00\" anchorOffsetX=\"3\" anchorOffsetY=\"3\" x=\"315\" y=\"99\"\r\n\t\t\t\t        id=\"pos32\" />\r\n\t\t\t\t<e:Rect visible=\"false\" width=\"6\" height=\"6\" fillColor=\"0x00FF00\" anchorOffsetX=\"3\" anchorOffsetY=\"3\" x=\"319\"\r\n\t\t\t\t        y=\"104\" id=\"pos33\" />\r\n\t\t\t\t<e:Rect visible=\"false\" width=\"6\" height=\"6\" fillColor=\"0x00FF00\" anchorOffsetX=\"3\" anchorOffsetY=\"3\" x=\"336\"\r\n\t\t\t\t        y=\"104\" id=\"pos34\" />\r\n\t\t\t\t<e:Rect visible=\"false\" width=\"6\" height=\"6\" fillColor=\"0x00FF00\" anchorOffsetX=\"3\" anchorOffsetY=\"3\" x=\"341\" y=\"91\"\r\n\t\t\t\t        id=\"pos35\" />\r\n\t\t\t\t<e:Rect visible=\"false\" width=\"6\" height=\"6\" fillColor=\"0x00FF00\" anchorOffsetX=\"3\" anchorOffsetY=\"3\" x=\"355\" y=\"91\"\r\n\t\t\t\t        id=\"pos36\" />\r\n\t\t\t\t<e:Rect visible=\"false\" width=\"6\" height=\"6\" fillColor=\"0x00FF00\" anchorOffsetX=\"3\" anchorOffsetY=\"3\" x=\"360\"\r\n\t\t\t\t        y=\"103\" id=\"pos37\" />\r\n\t\t\t\t<e:Rect visible=\"false\" width=\"6\" height=\"6\" fillColor=\"0x00FF00\" anchorOffsetX=\"3\" anchorOffsetY=\"3\" x=\"381\"\r\n\t\t\t\t        y=\"103\" id=\"pos38\" />\r\n\t\t\t\t<e:Rect visible=\"false\" width=\"6\" height=\"6\" fillColor=\"0x00FF00\" anchorOffsetX=\"3\" anchorOffsetY=\"3\" x=\"383\" y=\"98\"\r\n\t\t\t\t        id=\"pos39\" />\r\n\t\t\t\t<e:Rect visible=\"false\" width=\"6\" height=\"6\" fillColor=\"0x00FF00\" anchorOffsetX=\"3\" anchorOffsetY=\"3\" x=\"397\" y=\"98\"\r\n\t\t\t\t        id=\"pos40\" />\r\n\t\t\t\t<e:Rect visible=\"false\" width=\"6\" height=\"6\" fillColor=\"0x00FF00\" anchorOffsetX=\"3\" anchorOffsetY=\"3\" x=\"400\"\r\n\t\t\t\t        y=\"102\" id=\"pos41\" />\r\n\t\t\t\t<e:Rect visible=\"false\" width=\"6\" height=\"6\" fillColor=\"0x00FF00\" anchorOffsetX=\"3\" anchorOffsetY=\"3\" x=\"420\"\r\n\t\t\t\t        y=\"101\" id=\"pos42\" />\r\n\t\t\t\t<e:Rect visible=\"false\" width=\"6\" height=\"6\" fillColor=\"0x00FF00\" anchorOffsetX=\"3\" anchorOffsetY=\"3\" x=\"423\" y=\"97\"\r\n\t\t\t\t        id=\"pos43\" />\r\n\t\t\t\t<e:Rect visible=\"false\" width=\"6\" height=\"6\" fillColor=\"0x00FF00\" anchorOffsetX=\"3\" anchorOffsetY=\"3\" x=\"438\" y=\"97\"\r\n\t\t\t\t        id=\"pos44\" />\r\n\t\t\t\t<e:Rect visible=\"false\" width=\"6\" height=\"6\" fillColor=\"0x00FF00\" anchorOffsetX=\"3\" anchorOffsetY=\"3\" x=\"440\"\r\n\t\t\t\t        y=\"100\" id=\"pos45\" />\r\n\t\t\t\t<e:Rect visible=\"false\" width=\"6\" height=\"6\" fillColor=\"0x00FF00\" anchorOffsetX=\"3\" anchorOffsetY=\"3\" x=\"459\"\r\n\t\t\t\t        y=\"100\" id=\"pos46\" />\r\n\t\t\t\t<e:Rect visible=\"false\" width=\"6\" height=\"6\" fillColor=\"0x00FF00\" anchorOffsetX=\"3\" anchorOffsetY=\"3\" x=\"463\" y=\"89\"\r\n\t\t\t\t        id=\"pos47\" />\r\n\t\t\t\t<e:Rect visible=\"false\" width=\"6\" height=\"6\" fillColor=\"0x00FF00\" anchorOffsetX=\"3\" anchorOffsetY=\"3\" x=\"476\" y=\"89\"\r\n\t\t\t\t        id=\"pos48\" />\r\n\t\t\t\t<e:Rect visible=\"false\" width=\"6\" height=\"6\" fillColor=\"0x00FF00\" anchorOffsetX=\"3\" anchorOffsetY=\"3\" x=\"479\" y=\"99\"\r\n\t\t\t\t        id=\"pos49\" />\r\n\t\t\t\t<e:Rect visible=\"false\" width=\"6\" height=\"6\" fillColor=\"0x00FF00\" anchorOffsetX=\"3\" anchorOffsetY=\"3\" x=\"500\"\r\n\t\t\t\t        y=\"100\" id=\"pos50\" />\r\n\t\t\t\t<e:Rect visible=\"false\" width=\"6\" height=\"6\" fillColor=\"0x00FF00\" anchorOffsetX=\"3\" anchorOffsetY=\"3\" x=\"504\" y=\"91\"\r\n\t\t\t\t        id=\"pos51\" />\r\n\t\t\t\t<e:Rect visible=\"false\" width=\"6\" height=\"6\" fillColor=\"0x00FF00\" anchorOffsetX=\"3\" anchorOffsetY=\"3\" x=\"517\" y=\"91\"\r\n\t\t\t\t        id=\"pos52\" />\r\n\t\t\t\t<e:Rect visible=\"false\" width=\"6\" height=\"6\" fillColor=\"0x00FF00\" anchorOffsetX=\"3\" anchorOffsetY=\"3\" x=\"520\" y=\"99\"\r\n\t\t\t\t        id=\"pos53\" />\r\n\t\t\t\t<e:Rect width=\"6\" height=\"6\" fillColor=\"0x00FF00\" anchorOffsetX=\"3\" anchorOffsetY=\"3\" x=\"544\" y=\"98\"\r\n\t\t\t\t        id=\"pos21\"  visible=\"false\"/>\r\n\t\t\t\t<e:Rect width=\"6\" height=\"6\" fillColor=\"0x00FF00\" anchorOffsetX=\"3\" anchorOffsetY=\"3\" x=\"557\"\r\n\t\t\t\t        y=\"103\" id=\"pos22\"  visible=\"false\"/>\r\n\t\t\t\t<e:Rect width=\"6\" height=\"6\" fillColor=\"0x00FF00\" anchorOffsetX=\"3\" anchorOffsetY=\"3\" x=\"579\"\r\n\t\t\t\t        y=\"130\" id=\"pos23\"  visible=\"false\"/>\r\n\t\t\t\t<e:Rect visible=\"false\" width=\"6\" height=\"6\" fillColor=\"0x00FF00\" anchorOffsetX=\"3\" anchorOffsetY=\"3\" x=\"845\"\r\n\t\t\t\t        y=\"124\" id=\"pos24\" />\r\n\t\t\t</e:Group>\r\n\t\t\t<e:Group id=\"conPinOne\" x=\"290\" y=\"0\" width=\"239\" height=\"411\">\r\n\t\t\t\t<com:ComPinOne x=\"16.5\" y=\"410\" skinName=\"skins.ComPinOne\" id=\"comPinOne0\" anchorOffsetX=\"18.5\" anchorOffsetY=\"411\"\r\n\t\t\t\t               width=\"37\" height=\"411\" />\r\n\t\t\t\t<com:ComPinOne x=\"56.5\" y=\"410\" skinName=\"skins.ComPinOne\" id=\"comPinOne1\" anchorOffsetX=\"18.5\" anchorOffsetY=\"411\"\r\n\t\t\t\t               width=\"37\" height=\"411\" />\r\n\t\t\t\t<com:ComPinOne x=\"96.5\" y=\"410\" skinName=\"skins.ComPinOne\" id=\"comPinOne2\" anchorOffsetY=\"411\" anchorOffsetX=\"18.5\"\r\n\t\t\t\t               width=\"37\" height=\"411\" />\r\n\t\t\t\t<com:ComPinOne x=\"137.5\" y=\"410\" skinName=\"skins.ComPinOne\" id=\"comPinOne3\" anchorOffsetX=\"18.5\" anchorOffsetY=\"411\"\r\n\t\t\t\t               width=\"37\" height=\"411\" />\r\n\t\t\t\t<com:ComPinOne x=\"177.5\" y=\"410\" skinName=\"skins.ComPinOne\" id=\"comPinOne4\" anchorOffsetX=\"18.5\" anchorOffsetY=\"411\"\r\n\t\t\t\t               width=\"37\" height=\"411\" />\r\n\t\t\t\t<com:ComPinOne x=\"217.5\" y=\"410\" skinName=\"skins.ComPinOne\" id=\"comPinOne5\" anchorOffsetX=\"18.5\" anchorOffsetY=\"411\"\r\n\t\t\t\t               width=\"37\" height=\"411\" />\r\n\t\t\t</e:Group>\r\n\t\t\t<e:Group id=\"conEff\" width=\"753\" height=\"667\" horizontalCenter=\"0\" verticalCenter=\"0\"/>\r\n\t\t\t<e:Image id=\"mcUnlockTest\" source=\"xlz_unlock_001_png\" x=\"3\" y=\"206\" alpha=\".5\" scaleX=\"1\" scaleY=\"1\"  visible=\"false\"/>\r\n\t\t\t<com:ComMovieClip id=\"mcUnlock\" width=\"602\" height=\"381\" x=\"3\" y=\"206\"  visible=\"false\"/>\r\n\t\t</e:Group>\r\n\t</e:Group>\r\n</e:Skin>"
    },
    {
      "path": "resource/eui_skins/com/base/ComEmpty.exml",
      "content": "<?xml version=\"1.0\" encoding=\"utf-8\"?>\r\n<e:Skin class=\"skins.ComEmpty\" width=\"200\" height=\"100\" xmlns:e=\"http://ns.egret.com/eui\" xmlns:w=\"http://ns.egret.com/wing\">\r\n\r\n</e:Skin>"
    },
    {
      "path": "resource/eui_skins/com/inherent/ComBar.exml",
      "content": "<?xml version=\"1.0\" encoding=\"utf-8\"?>\r\n<e:Skin class=\"skins.ComBar\" xmlns:e=\"http://ns.egret.com/eui\" xmlns:w=\"http://ns.egret.com/wing\">\r\n\t<e:Image scale9Grid=\"1,1,4,4\" source=\"ui1_frame_png\"/>\r\n\t<e:Image id=\"thumb\" scale9Grid=\"1,1,4,4\"  source=\"ui2_frame2_png\"/>\r\n\t<e:Label id=\"labelDisplay\" textColor=\"0xffffff\" horizontalCenter=\"0\" verticalCenter=\"0\"  visible=\"false\"/>\r\n</e:Skin>"
    },
    {
      "path": "resource/eui_skins/com/inherent/ComBtn.exml",
      "content": "<?xml version=\"1.0\" encoding=\"utf-8\"?>\r\n<e:Skin class=\"skins.ComBtn\" xmlns:e=\"http://ns.egret.com/eui\" xmlns:w=\"http://ns.egret.com/wing\">\r\n\t<e:Group id=\"con\" width=\"370\" height=\"99\">\r\n\t\t<e:Image id=\"btn\" y=\"49.5\" anchorOffsetX=\"185\" anchorOffsetY=\"49.5\" x=\"185\" source=\"ctat_store_png\" />\r\n\t\t<e:Image id=\"loupe\" y=\"24\" anchorOffsetX=\"40\" anchorOffsetY=\"40\" x=\"334\" source=\"pCtaMagnifier_png\" />\r\n\t\t<e:Image id=\"pos0\" y=\"24\" x=\"334\" source=\"\"  visible=\"false\"/>\r\n\t\t<e:Image id=\"pos1\" y=\"60\" x=\"360\" source=\"\"  visible=\"false\"/>\r\n\t\t<e:Image id=\"pos2\" y=\"74\" x=\"308\" source=\"\"  visible=\"false\"/>\r\n\t</e:Group>\r\n</e:Skin>"
    },
    {
      "path": "resource/eui_skins/com/inherent/ComBubble.exml",
      "content": "<?xml version=\"1.0\" encoding=\"utf-8\"?>\n<e:Skin class=\"skins.ComBubble\" xmlns:e=\"http://ns.egret.com/eui\" xmlns:w=\"http://ns.egret.com/wing\" xmlns:com=\"com.*\"\n        xmlns:item=\"item.*\">\n\t<e:Group id=\"con\" x=\"0\" y=\"0\" width=\"335\" height=\"100\">\n\t\t<e:Group id=\"conWord\" width=\"335\" anchorOffsetX=\"148\" anchorOffsetY=\"-20\" height=\"100\" x=\"148\" y=\"-20\" scaleX=\"1\"\n\t\t         scaleY=\"1\">\n\t\t\t<e:Image id=\"bgDebug\" source=\"pHelpMe_png\" height=\"120\" anchorOffsetX=\"167.5\" anchorOffsetY=\"50\" horizontalCenter=\"0\"\n\t\t\t         width=\"335\" y=\"50\" rotation=\"180\" scale9Grid=\"37,28,7,6\" />\n\t\t\t<e:Image id=\"bgWord\" source=\"pHelpMe_png\" height=\"120\" anchorOffsetX=\"167.5\" anchorOffsetY=\"50\" horizontalCenter=\"0\"\n\t\t\t         scale9Grid=\"37,28,7,6\" width=\"335\" y=\"50\" rotation=\"0\" />\n\t\t\t<e:Image id=\"word\" source=\"lang_guide_png\" horizontalCenter=\"0\" verticalCenter=\"0\" />\n\t\t</e:Group>\n\t</e:Group>\n</e:Skin>"
    },
    {
      "path": "resource/eui_skins/com/inherent/ComCar.exml",
      "content": "<?xml version=\"1.0\" encoding=\"utf-8\"?>\n<e:Skin class=\"skins.ComCar\" xmlns:e=\"http://ns.egret.com/eui\" xmlns:w=\"http://ns.egret.com/wing\" xmlns:com=\"com.*\"\n        xmlns:item=\"item.*\" width=\"60\" height=\"47\">\n\t<e:Group id=\"con\" x=\"30\" y=\"23.5\" anchorOffsetX=\"30\" anchorOffsetY=\"23.5\" width=\"60\" height=\"47\">\n\t\t<e:Image id=\"car\"  source=\"car1_0_ui_png\" y=\"23.5\" width=\"60\" height=\"47\" x=\"30\" anchorOffsetX=\"30\" anchorOffsetY=\"23.5\"/>\n\t</e:Group>\n</e:Skin>"
    },
    {
      "path": "resource/eui_skins/com/inherent/ComCard.exml",
      "content": "<?xml version=\"1.0\" encoding=\"utf-8\"?>\r\n<e:Skin class=\"skins.ComCard\" xmlns:e=\"http://ns.egret.com/eui\" xmlns:w=\"http://ns.egret.com/wing\" xmlns:com=\"com.*\"\r\n        xmlns:item=\"item.*\" width=\"117\" height=\"182\">\r\n\t<e:Group id=\"con\" x=\"58.5\" y=\"91\" anchorOffsetX=\"58.5\" anchorOffsetY=\"91\">\r\n\t\t<e:Image id=\"card\" x=\"58.5\" y=\"91\" anchorOffsetX=\"58.5\" anchorOffsetY=\"91\" source=\"cardblue_ui_png\" />\r\n\t</e:Group>\r\n</e:Skin>"
    },
    {
      "path": "resource/eui_skins/com/inherent/ComFloat.exml",
      "content": "<?xml version=\"1.0\" encoding=\"utf-8\"?>\r\n<e:Skin class=\"skins.ComFloat\" xmlns:e=\"http://ns.egret.com/eui\" xmlns:w=\"http://ns.egret.com/wing\" xmlns:com=\"com.*\">\r\n\t<e:Group id=\"con\" x=\"60.5\" y=\"15\" anchorOffsetX=\"60.5\" anchorOffsetY=\"15\">\r\n\t\t<e:Group id=\"conFloat\" x=\"60.5\" y=\"15\" anchorOffsetX=\"60.5\" anchorOffsetY=\"15\">\r\n\t\t\t<e:Image id=\"float\" anchorOffsetX=\"60.5\" anchorOffsetY=\"15\"\r\n\t\t\t          source=\"pBGspray_png\" x=\"60.5\" y=\"15\"/>\r\n\t\t</e:Group>\r\n\t</e:Group>\r\n</e:Skin>"
    },
    {
      "path": "resource/eui_skins/com/inherent/ComGold.exml",
      "content": "<?xml version=\"1.0\" encoding=\"utf-8\"?>\r\n<e:Skin class=\"skins.ComGold\" xmlns:e=\"http://ns.egret.com/eui\" xmlns:w=\"http://ns.egret.com/wing\" xmlns:com=\"com.*\">\r\n\t<w:Config id=\"16f12950994\"/>\r\n\t<e:Group id=\"con\" y=\"0\" x=\"0\" width=\"564\" height=\"150\">\r\n\r\n\t\t<e:Group id=\"conNum\" x=\"0\" y=\"0\">\r\n\t\t\t<e:Image id=\"flyPos\" y=\"40\" x=\"68\" source=\"\" visible=\"false\"/>\r\n\t\t\t<e:Image id=\"bg\" y=\"0\" x=\"0\" source=\"money2_ui_png\" />\r\n\t\t\t<e:Group id=\"conLamps\" width=\"564\" height=\"150\">\r\n\t\t\t\t<com:ComLamp id=\"comLamp0\" skinName=\"ComLamp\" x=\"22\" y=\"-7\"/>\r\n\t\t\t\t<com:ComLamp id=\"comLamp1\" skinName=\"ComLamp\" x=\"45\" y=\"-7\"/>\r\n\t\t\t\t<com:ComLamp id=\"comLamp2\" skinName=\"ComLamp\" x=\"68\" y=\"-7\"/>\r\n\t\t\t\t<com:ComLamp id=\"comLamp3\" skinName=\"ComLamp\" x=\"91\" y=\"-7\"/>\r\n\t\t\t\t<com:ComLamp id=\"comLamp4\" skinName=\"ComLamp\" x=\"114\" y=\"-7\"/>\r\n\t\t\t\t<com:ComLamp id=\"comLamp5\" skinName=\"ComLamp\" x=\"137\" y=\"-7\"/>\r\n\t\t\t\t<com:ComLamp id=\"comLamp6\" skinName=\"ComLamp\" x=\"160\" y=\"-7\"/>\r\n\t\t\t\t<com:ComLamp id=\"comLamp7\" skinName=\"ComLamp\" x=\"183\" y=\"-7\"/>\r\n\t\t\t\t<com:ComLamp id=\"comLamp8\" skinName=\"ComLamp\" x=\"206\" y=\"-7\"/>\r\n\t\t\t\t<com:ComLamp id=\"comLamp9\" skinName=\"ComLamp\" x=\"229\" y=\"-7\"/>\r\n\t\t\t\t<com:ComLamp id=\"comLamp10\" skinName=\"ComLamp\" x=\"252\" y=\"-7\"/>\r\n\t\t\t\t<com:ComLamp id=\"comLamp11\" skinName=\"ComLamp\" x=\"275\" y=\"-7\"/>\r\n\t\t\t\t<com:ComLamp id=\"comLamp12\" skinName=\"ComLamp\" x=\"298\" y=\"-7\"/>\r\n\t\t\t\t<com:ComLamp id=\"comLamp13\" skinName=\"ComLamp\" x=\"321\" y=\"-7\"/>\r\n\t\t\t\t<com:ComLamp id=\"comLamp14\" skinName=\"ComLamp\" x=\"344\" y=\"-7\"/>\r\n\t\t\t\t<com:ComLamp id=\"comLamp15\" skinName=\"ComLamp\" x=\"367\" y=\"-7\"/>\r\n\t\t\t\t<com:ComLamp id=\"comLamp16\" skinName=\"ComLamp\" x=\"390\" y=\"-7\"/>\r\n\t\t\t\t<com:ComLamp id=\"comLamp17\" skinName=\"ComLamp\" x=\"413\" y=\"-7\"/>\r\n\t\t\t\t<com:ComLamp id=\"comLamp18\" skinName=\"ComLamp\" x=\"436\" y=\"-7\"/>\r\n\t\t\t\t<com:ComLamp id=\"comLamp19\" skinName=\"ComLamp\" x=\"459\" y=\"-7\"/>\r\n\t\t\t\t<com:ComLamp id=\"comLamp20\" skinName=\"ComLamp\" x=\"482\" y=\"-7\"/>\r\n\t\t\t\t<com:ComLamp id=\"comLamp21\" skinName=\"ComLamp\" x=\"505\" y=\"-7\"/>\r\n\t\t\t\t<com:ComLamp id=\"comLamp22\" skinName=\"ComLamp\" x=\"526\" y=\"3\"/>\r\n\t\t\t\t<com:ComLamp id=\"comLamp23\" skinName=\"ComLamp\" x=\"528\" y=\"28\"/>\r\n\t\t\t\t<com:ComLamp id=\"comLamp24\" skinName=\"ComLamp\" x=\"528\" y=\"53\"/>\r\n\t\t\t\t<com:ComLamp id=\"comLamp25\" skinName=\"ComLamp\" x=\"528\" y=\"77\"/>\r\n\t\t\t\t<com:ComLamp id=\"comLamp26\" skinName=\"ComLamp\" x=\"526\" y=\"104\"/>\r\n\t\t\t\t<com:ComLamp id=\"comLamp27\" skinName=\"ComLamp\" left=\"505\" top=\"114\"/>\r\n\t\t\t\t<com:ComLamp id=\"comLamp28\" skinName=\"ComLamp\" x=\"482\" y=\"114\"/>\r\n\t\t\t\t<com:ComLamp id=\"comLamp29\" skinName=\"ComLamp\" x=\"459\" y=\"114\"/>\r\n\t\t\t\t<com:ComLamp id=\"comLamp30\" skinName=\"ComLamp\" x=\"436\" y=\"114\"/>\r\n\t\t\t\t<com:ComLamp id=\"comLamp31\" skinName=\"ComLamp\" x=\"413\" y=\"114\"/>\r\n\t\t\t\t<com:ComLamp id=\"comLamp32\" skinName=\"ComLamp\" x=\"390\" y=\"114\"/>\r\n\t\t\t\t<com:ComLamp id=\"comLamp33\" skinName=\"ComLamp\" x=\"367\" y=\"114\"/>\r\n\t\t\t\t<com:ComLamp id=\"comLamp34\" skinName=\"ComLamp\" x=\"344\" y=\"114\"/>\r\n\t\t\t\t<com:ComLamp id=\"comLamp35\" skinName=\"ComLamp\" x=\"321\" y=\"114\"/>\r\n\t\t\t\t<com:ComLamp id=\"comLamp36\" skinName=\"ComLamp\" x=\"298\" y=\"114\"/>\r\n\t\t\t\t<com:ComLamp id=\"comLamp37\" skinName=\"ComLamp\" x=\"275\" y=\"114\"/>\r\n\t\t\t\t<com:ComLamp id=\"comLamp38\" skinName=\"ComLamp\" x=\"252\" y=\"114\"/>\r\n\t\t\t\t<com:ComLamp id=\"comLamp39\" skinName=\"ComLamp\" x=\"229\" y=\"114\"/>\r\n\t\t\t\t<com:ComLamp id=\"comLamp40\" skinName=\"ComLamp\" x=\"206\" y=\"114\"/>\r\n\t\t\t\t<com:ComLamp id=\"comLamp41\" skinName=\"ComLamp\" x=\"183\" y=\"114\"/>\r\n\t\t\t\t<com:ComLamp id=\"comLamp42\" skinName=\"ComLamp\" x=\"160\" y=\"114\"/>\r\n\t\t\t\t<com:ComLamp id=\"comLamp43\" skinName=\"ComLamp\" x=\"137\" y=\"114\"/>\r\n\t\t\t\t<com:ComLamp id=\"comLamp44\" skinName=\"ComLamp\" x=\"114\" y=\"114\"/>\r\n\t\t\t\t<com:ComLamp id=\"comLamp45\" skinName=\"ComLamp\" x=\"91\" y=\"114\"/>\r\n\t\t\t\t<com:ComLamp id=\"comLamp46\" skinName=\"ComLamp\" x=\"68\" y=\"114\"/>\r\n\t\t\t\t<com:ComLamp id=\"comLamp47\" skinName=\"ComLamp\" x=\"45\" y=\"114\"/>\r\n\t\t\t\t<com:ComLamp id=\"comLamp48\" skinName=\"ComLamp\" y=\"114\" x=\"22\"/>\r\n\t\t\t\t<com:ComLamp id=\"comLamp49\" skinName=\"ComLamp\" y=\"104\" x=\"0\"/>\r\n\t\t\t\t<com:ComLamp id=\"comLamp50\" skinName=\"ComLamp\" y=\"77\" x=\"-5\"/>\r\n\t\t\t\t<com:ComLamp id=\"comLamp51\" skinName=\"ComLamp\" y=\"53\" x=\"-5\"/>\r\n\t\t\t\t<com:ComLamp id=\"comLamp52\" skinName=\"ComLamp\" y=\"28\" x=\"-5\"/>\r\n\t\t\t\t<com:ComLamp id=\"comLamp53\" skinName=\"ComLamp\" y=\"3\" x=\"0\"/>\r\n\t\t\t</e:Group>\r\n\t\t\t<e:Label id=\"num\" text=\"000,000,000\" verticalCenter=\"0\" size=\"46\" bold=\"true\" textAlign=\"right\" horizontalCenter=\"65\"/>\r\n\t\t\t<!--<e:BitmapLabel id=\"num\" text=\"0\" font=\"num_fnt\" horizontalCenter=\"36\" verticalCenter=\"-2\" />\r\n\t\t\t-->\r\n\t\t</e:Group>\r\n\t</e:Group>\r\n</e:Skin>"
    },
    {
      "path": "resource/eui_skins/com/inherent/ComGuide.exml",
      "content": "<?xml version=\"1.0\" encoding=\"utf-8\"?>\r\n<e:Skin class=\"skins.ComGuide\" xmlns:e=\"http://ns.egret.com/eui\" xmlns:w=\"http://ns.egret.com/wing\" xmlns:com=\"com.*\">\r\n\t<e:Image id=\"hand\"  x=\"100\" y=\"50\" anchorOffsetX=\"100\" anchorOffsetY=\"50\" source=\"gf_hand_png\"/>\r\n</e:Skin>"
    },
    {
      "path": "resource/eui_skins/com/inherent/ComHeader.exml",
      "content": "<?xml version=\"1.0\" encoding=\"utf-8\"?>\r\n<e:Skin class=\"skins.ComHeader\" xmlns:e=\"http://ns.egret.com/eui\" xmlns:w=\"http://ns.egret.com/wing\" width=\"760\" height=\"275\">\r\n\t<e:Group id=\"con\" y=\"0\" x=\"0\">\r\n\t\t<e:Image id=\"header\" source=\"p_top_png\" y=\"0\" horizontalCenter=\"0\" />\r\n\t\t<e:Group id=\"conTime\" width=\"301\" height=\"76\" left=\"0\" bottom=\"42\">\r\n\t\t\t<e:Image x=\"0\" y=\"0\" source=\"p_time_png\" />\r\n\t\t\t<e:Image id=\"icon\" source=\"p_day_png\" left=\"10\" verticalCenter=\"-1\" />\r\n\t\t\t<e:BitmapLabel id=\"time\" font=\"num_fnt\" text=\"0600\" horizontalCenter=\"37\" verticalCenter=\"10\" />\r\n\t\t</e:Group>\r\n\t\t<e:Group id=\"conNum\" width=\"363\" height=\"60\" right=\"47\" bottom=\"19\">\r\n\t\t\t<e:Image source=\"p_coin_png\" y=\"0\" x=\"0\" />\r\n\t\t\t<e:BitmapLabel id=\"num\" text=\"000000\" font=\"num_fnt\" y=\"19\" horizontalCenter=\"21\" />\r\n\t\t</e:Group>\r\n\t</e:Group>\r\n</e:Skin>"
    },
    {
      "path": "resource/eui_skins/com/inherent/ComLight.exml",
      "content": "<?xml version=\"1.0\" encoding=\"utf-8\"?>\n<e:Skin class=\"skins.ComLight\" xmlns:e=\"http://ns.egret.com/eui\" xmlns:w=\"http://ns.egret.com/wing\" width=\"285\" height=\"285\">\n\t<e:Group id=\"con\" x=\"0\" y=\"0\" width=\"285\" height=\"285\">\n\t</e:Group>\n\t<e:Image id=\"warn\" anchorOffsetX=\"35\" anchorOffsetY=\"77\" x=\"160\" y=\"128\" source=\"p_zhiyin1_png\"/>\n</e:Skin>"
    },
    {
      "path": "resource/eui_skins/com/inherent/ComNav.exml",
      "content": "<?xml version=\"1.0\" encoding=\"utf-8\"?>\r\n<e:Skin class=\"skins.ComNav\" xmlns:e=\"http://ns.egret.com/eui\" xmlns:w=\"http://ns.egret.com/wing\">\r\n\t<e:Group id=\"con\" y=\"0\" x=\"0\" anchorOffsetX=\"0\" anchorOffsetY=\"0\" width=\"171\" height=\"400\">\r\n\t\t<e:Image id=\"bg\" source=\"ptips_png\" anchorOffsetX=\"85.5\" anchorOffsetY=\"200\" left=\"0\" top=\"0\" />\r\n\t\t<e:Group id=\"item0\" top=\"100\" horizontalCenter=\"0\" width=\"83\" height=\"76\">\r\n\t\t\t<e:Image id=\"target2\" y=\"0\" x=\"0\" source=\"pcell_2_png\" />\r\n\t\t\t<e:Label id=\"num2\" text=\"10\" y=\"37\" stroke=\"2\" strokeColor=\"0xbb7228\" size=\"38\" bold=\"true\" right=\"0\" />\r\n\t\t\t<e:Image id=\"ok2\" x=\"31\" y=\"22\" source=\"a_duigou01_png\" scaleX=\"0.5\" scaleY=\"0.5\" />\r\n\t\t</e:Group>\r\n\t\t<e:Group id=\"item1\" bottom=\"100\" horizontalCenter=\"0\" width=\"83\" height=\"76\">\r\n\t\t\t<e:Image id=\"target6\" y=\"0\" x=\"0\" source=\"pcell_6_png\" />\r\n\t\t\t<e:Label id=\"num6\" text=\"10\" y=\"38\" stroke=\"2\" strokeColor=\"0xBB7228\" size=\"38\" bold=\"true\" right=\"0\" />\r\n\t\t\t<e:Image id=\"ok6\" x=\"31\" y=\"22\" source=\"a_duigou01_png\" scaleX=\"0.5\" scaleY=\"0.5\" />\r\n\t\t</e:Group>\r\n\t</e:Group>\r\n</e:Skin>"
    },
    {
      "path": "resource/eui_skins/com/inherent/ComNpc.exml",
      "content": "<?xml version=\"1.0\" encoding=\"utf-8\"?>\n<e:Skin class=\"skins.ComNpc\" xmlns:e=\"http://ns.egret.com/eui\" xmlns:w=\"http://ns.egret.com/wing\" xmlns:com=\"com.*\"\n        xmlns:item=\"item.*\">\n\t<e:Group id=\"con\" x=\"0\" y=\"0\" width=\"139\" height=\"214\">\n\t\t<com:ComMovieClip id=\"npc\" width=\"139\" height=\"214\"/>\n\t\t<e:Image id=\"npcDebug\" x=\"0\" y=\"0\" source=\"xlz_idle_01_png\"/>\n\t\t<e:Image id=\"npcDieDebug\" y=\"-53\" x=\"-91\" source=\"xlz_bf_06_png\"/>\n\t\t<e:Group id=\"conParticles\" y=\"160\" width=\"101\" height=\"60\"  x=\"60\"/>\n\t</e:Group>\n</e:Skin>"
    },
    {
      "path": "resource/eui_skins/com/inherent/ComPeople.exml",
      "content": "<?xml version=\"1.0\" encoding=\"utf-8\"?>\n<e:Skin class=\"skins.ComPeople\" xmlns:e=\"http://ns.egret.com/eui\" xmlns:w=\"http://ns.egret.com/wing\" xmlns:com=\"com.*\"\n        xmlns:item=\"item.*\">\n\t<e:Group id=\"con\" x=\"11\" y=\"37\" width=\"22\" height=\"37\" anchorOffsetX=\"11\" anchorOffsetY=\"37\">\n\t\t<!--<com:ComMovieClip id=\"people\" width=\"101\" height=\"197\" />\n\t\t-->\n\t\t<!--<e:Image id=\"peopleDebug\" source=\"people1_0_ui_png\" x=\"11\" y=\"37\" anchorOffsetX=\"11\" anchorOffsetY=\"37\" />\n\t\t<e:Image id=\"peopleDieDebug\" source=\"people1_1_ui_png\" x=\"11\" y=\"37\" anchorOffsetX=\"11\" anchorOffsetY=\"37\" />\n\t\t-->\n\t\t<e:Image id=\"people\" source=\"people1_0_ui_png\" x=\"11\" y=\"37\" anchorOffsetX=\"11\" anchorOffsetY=\"37\" />\n\t\t<!--<e:Image id=\"peopleWalkDebug\" source=\"xlz_run_01_png\" x=\"0\" y=\"0\" />\n\t\t<e:Group id=\"conParticles\" y=\"120\" width=\"101\" height=\"60\" />\n\t\t<e:Image id=\"warn\" x=\"32\" y=\"32\" source=\"pScared_png\" anchorOffsetX=\"51\" anchorOffsetY=\"46\" visible=\"false\" />\n\t\t-->\n\t</e:Group>\n</e:Skin>"
    },
    {
      "path": "resource/eui_skins/com/inherent/ComProgress.exml",
      "content": "<?xml version=\"1.0\" encoding=\"utf-8\"?>\r\n<e:Skin class=\"skins.ComProgress\" xmlns:e=\"http://ns.egret.com/eui\" xmlns:w=\"http://ns.egret.com/wing\">\r\n\t<e:Group id=\"con\" y=\"0\" x=\"0\">\r\n\t\t<e:Group id=\"conBar\">\r\n\t\t\t<e:Image source=\"icon3_wait_png\"/>\r\n\t\t\t<e:Image id=\"bar\" x=\"0\" y=\"0\" source=\"icon4_wait_png\"/>\r\n\t\t</e:Group>\r\n\r\n\t</e:Group>\r\n</e:Skin>"
    },
    {
      "path": "resource/eui_skins/com/inherent/ComScene0.exml",
      "content": "<?xml version=\"1.0\" encoding=\"utf-8\"?>\r\n<e:Skin class=\"skins.ComScene0\" xmlns:e=\"http://ns.egret.com/eui\" xmlns:w=\"http://ns.egret.com/wing\" xmlns:com=\"com.*\"\r\n        xmlns:item=\"item.*\" width=\"1334\" height=\"750\">\r\n\t<e:Group id=\"conBg\" width=\"100%\" height=\"100%\" x=\"0\" y=\"0\">\r\n\t\t<e:Rect id=\"bg\" width=\"100%\" height=\"100%\" fillColor=\"0x6b464e\" x=\"0\" y=\"0\" />\r\n\t</e:Group>\r\n\t<e:Group id=\"conBody\" height=\"750\" width=\"750\" right=\"0\" verticalCenter=\"0\">\r\n\t\t<e:Group x=\"0\" y=\"0\" width=\"100%\" height=\"100%\">\r\n\t\t\t<e:Image source=\"wall1_lv1_png\" x=\"0\" y=\"0\" width=\"100%\" height=\"100%\" scale9Grid=\"369,16,32,17\" />\r\n\t\t\t<e:Image source=\"floor1_lv1_png\" scaleY=\"-1\" x=\"0\" top=\"0\" />\r\n\t\t\t<e:Image source=\"floor1_lv1_png\" x=\"0\" bottom=\"0\" />\r\n\t\t</e:Group>\r\n\t\t<com:ComDoor id=\"comDoor\" bottom=\"84\" right=\"130\" skinName=\"ComDoor\" anchorOffsetX=\"67\" anchorOffsetY=\"120\"  width=\"134\" height=\"240\"/>\r\n\t\t<e:Group id=\"conTrap\" height=\"87\" bottom=\"344\" width=\"277\" horizontalCenter=\"205\">\r\n\t\t\t<e:Image id=\"trap\" source=\"stuff3_lv1_png\" y=\"0\" x=\"0\" />\r\n\t\t</e:Group>\r\n\t\t<e:Group id=\"conCeiling\" width=\"290\" height=\"34\" horizontalCenter=\"-4\" top=\"26\">\r\n\t\t\t<e:Image source=\"stuff1_lv1_png\" x=\"0\" y=\"0\" />\r\n\t\t\t<e:Group id=\"gVertex\" x=\"7\" y=\"24\" width=\"276\" height=\"11\">\r\n\t\t\t\t<e:Group id=\"conVertex\" width=\"23\" height=\"11\" x=\"253\" y=\"0\">\r\n\t\t\t\t\t<e:Group id=\"conRope\" width=\"15\" height=\"160\" x=\"11.5\" anchorOffsetX=\"7.5\" y=\"4\">\r\n\t\t\t\t\t\t<e:Rect id=\"ropeDebug\" width=\"100%\" height=\"100%\" fillColor=\"0xff6e6e\" />\r\n\t\t\t\t\t\t<com:ComPeople id=\"comPeople\" skinName=\"ComPeople\" anchorOffsetX=\"50.5\" anchorOffsetY=\"98.5\" x=\"7.5\" y=\"160\" />\r\n\t\t\t\t\t</e:Group>\r\n\t\t\t\t\t<e:Image source=\"stuff2_lv1_png\" x=\"0\" y=\"0\" />\r\n\t\t\t\t</e:Group>\r\n\t\t\t</e:Group>\r\n\t\t</e:Group>\r\n\t\t<e:Group id=\"conBubble\" horizontalCenter=\"0\" top=\"360\" width=\"335\" height=\"100\">\r\n\t\t\t<com:ComBubble id=\"comBubble\" scaleX=\"1\" scaleY=\"1\" skinName=\"ComBubble\" width=\"335\" height=\"100\" />\r\n\t\t</e:Group>\r\n\t\t<e:Group id=\"conGuide\" top=\"86\" width=\"473\" height=\"138\" horizontalCenter=\"0.5\">\r\n\t\t\t<e:Group id=\"guidePos\" width=\"0\" height=\"0\"  x=\"237\" y=\"0\"/>\r\n\t\t</e:Group>\r\n\t\t<e:Group id=\"conFloor\" height=\"86\" width=\"750\" bottom=\"0\" horizontalCenter=\"0\" />\r\n\t</e:Group>\r\n</e:Skin>"
    },
    {
      "path": "resource/eui_skins/com/inherent/ComScene1.exml",
      "content": "<?xml version=\"1.0\" encoding=\"utf-8\"?>\r\n<e:Skin class=\"skins.ComScene1\" xmlns:e=\"http://ns.egret.com/eui\" xmlns:w=\"http://ns.egret.com/wing\" xmlns:com=\"com.*\"\r\n        xmlns:item=\"item.*\" width=\"1334\" height=\"750\">\r\n        <e:Group id=\"conBg\" width=\"100%\" height=\"100%\" x=\"0\" y=\"0\">\r\n                <e:Rect id=\"bg\" width=\"100%\" height=\"100%\" x=\"0\" y=\"0\" fillColor=\"0x1f711d\" />\r\n                <e:Rect id=\"bg0\" width=\"100%\" height=\"50%\" fillColor=\"0x739fff\" top=\"0\" />\r\n        </e:Group>\r\n        <e:Group id=\"conBody\" height=\"750\" width=\"750\" right=\"0\" verticalCenter=\"0\">\r\n                <e:Image id=\"bgPart0\" source=\"top_lv2_jpg\" scaleX=\"1\" scaleY=\"1\" horizontalCenter=\"0\" top=\"-196\" />\r\n                <e:Group x=\"0\" y=\"0\" width=\"100%\" height=\"100%\">\r\n                        <e:Image x=\"0\" y=\"0\" width=\"100%\" height=\"100%\" scale9Grid=\"369,16,32,17\" source=\"wall2_lv2_jpg\" />\r\n                        <e:Image source=\"wallTexture_lv2_jpg\" horizontalCenter=\"0\" fillMode=\"repeat\" height=\"100%\" />\r\n                        <e:Image x=\"0\" top=\"-19\" source=\"ceiling_lv2_png\" />\r\n                        <e:Image x=\"0\" bottom=\"0\" source=\"floor2_lv2_png\" />\r\n                </e:Group>\r\n                <com:ComDoor id=\"comDoor\" bottom=\"84\" right=\"130\" skinName=\"ComDoor\" anchorOffsetX=\"67\"\r\n                             anchorOffsetY=\"120\" />\r\n                <e:Group id=\"conCeiling\" width=\"37\" height=\"40\" top=\"34\" horizontalCenter=\"30\">\r\n                        <e:Group id=\"conVertex\" width=\"37\" height=\"40\">\r\n                                <e:Group id=\"conRope\" width=\"15\" height=\"284\" anchorOffsetX=\"7.5\" y=\"26\" x=\"18.5\">\r\n                                        <e:Rect id=\"ropeDebug\" width=\"100%\" height=\"100%\" fillColor=\"0xff6e6e\" />\r\n                                        <com:ComPeople id=\"comPeople\" skinName=\"ComPeople\" anchorOffsetX=\"50.5\"\r\n                                                       anchorOffsetY=\"98.5\" x=\"7.5\" y=\"284\" />\r\n                                </e:Group>\r\n                                <e:Image source=\"stuff4_lv2_png\" />\r\n                        </e:Group>\r\n                </e:Group>\r\n                <e:Group id=\"conCeiling0\" width=\"37\" height=\"40\" top=\"34\" left=\"153\">\r\n                        <e:Group id=\"conVertex0\" width=\"37\" height=\"40\">\r\n                                <e:Group id=\"conRope0\" width=\"15\" height=\"234\" anchorOffsetX=\"7.5\" y=\"26\" x=\"18.5\">\r\n                                        <e:Rect id=\"ropeDebug0\" width=\"100%\" height=\"100%\" fillColor=\"0xFF6E6E\" />\r\n                                        <com:ComBox id=\"comBox\" skinName=\"ComBox\" x=\"7.5\" y=\"234\" anchorOffsetX=\"69\"\r\n                                                    anchorOffsetY=\"68.5\" />\r\n                                </e:Group>\r\n                                <e:Image source=\"stuff4_lv2_png\" />\r\n                        </e:Group>\r\n                </e:Group>\r\n                <e:Group id=\"conBubble\" width=\"335\" height=\"100\" top=\"200\" horizontalCenter=\"130\">\r\n                        <com:ComBubble id=\"comBubble\" scaleX=\"1\" scaleY=\"1\" skinName=\"ComBubble\" width=\"335\"\r\n                                       height=\"100\" />\r\n                </e:Group>\r\n                <e:Group id=\"conGuide\" top=\"100\" width=\"473\" height=\"138\" horizontalCenter=\"30\">\r\n                        <e:Group id=\"guidePos\" width=\"0\" height=\"0\"  x=\"237\" y=\"0\"/>\r\n                </e:Group>\r\n                <e:Group id=\"conFloor\" height=\"86\" width=\"750\" bottom=\"0\" horizontalCenter=\"0\">\r\n                        <e:Group id=\"conNpc\" x=\"130\" width=\"200\" height=\"214\" y=\"-148\">\r\n                                <com:ComNpc id=\"comNpc\" skinName=\"ComNpc\" anchorOffsetX=\"69.5\" anchorOffsetY=\"214\"\r\n                                            y=\"214\" x=\"0\" />\r\n                        </e:Group>\r\n                </e:Group>\r\n        </e:Group>\r\n</e:Skin>"
    },
    {
      "path": "resource/eui_skins/com/inherent/ComScene2.exml",
      "content": "<?xml version=\"1.0\" encoding=\"utf-8\"?>\r\n<e:Skin class=\"skins.ComScene2\" xmlns:e=\"http://ns.egret.com/eui\" xmlns:w=\"http://ns.egret.com/wing\" xmlns:com=\"com.*\"\r\n        xmlns:item=\"item.*\" width=\"1334\" height=\"750\">\r\n        <e:Group id=\"conBg\" width=\"100%\" height=\"100%\" x=\"0\" y=\"0\">\r\n                <e:Rect id=\"bg\" width=\"100%\" height=\"100%\" x=\"0\" y=\"0\" fillColor=\"0x2e2e6e\" />\r\n                <e:Rect id=\"bg0\" width=\"100%\" height=\"50%\" fillColor=\"0x739FFF\" top=\"0\" />\r\n        </e:Group>\r\n        <e:Group id=\"conBody\" height=\"750\" width=\"750\" right=\"0\" verticalCenter=\"0\">\r\n                <e:Image id=\"bgPart0\" source=\"top_lv2_jpg\" scaleX=\"1\" scaleY=\"1\" horizontalCenter=\"0\" top=\"-196\" />\r\n                <e:Group x=\"0\" y=\"0\" width=\"100%\" height=\"100%\">\r\n                        <e:Image x=\"0\" y=\"0\" width=\"100%\" height=\"100%\" scale9Grid=\"369,16,32,17\" source=\"wall3_lv3_jpg\" />\r\n                        <e:Image id=\"wall\" horizontalCenter=\"0\" fillMode=\"repeat\" height=\"750\" source=\"wallTexture2_lv3_jpg\" />\r\n                        <e:Image x=\"0\" top=\"-19\" source=\"ceiling2_lv3_png\" />\r\n\t\t\t\t\t\t\t\t\t<e:Group x=\"0\" height=\"244\" bottom=\"-158\">\r\n\t\t\t\t\t\t\t\t\t\t<e:Image id=\"floor\" x=\"0\" source=\"floor3_lv3_png\" height=\"244\" y=\"0\" scale9Grid=\"366,101,61,36\"/>\r\n\t\t\t\t\t\t\t\t\t</e:Group>\r\n                </e:Group>\r\n                <com:ComDoor id=\"comDoor\" bottom=\"84\" right=\"130\" skinName=\"ComDoor\" anchorOffsetX=\"67\"\r\n                             anchorOffsetY=\"120\" />\r\n                <e:Group id=\"conCeiling\" top=\"46\" left=\"64\">\r\n                        <e:Group id=\"conVertex\">\r\n                                <e:Group id=\"conRope\" width=\"288\" height=\"318\">\r\n                                        <e:Rect id=\"ropeDebug\" width=\"100%\" height=\"100%\" fillColor=\"0x00ff00\"\r\n                                                fillAlpha=\"0.3\" visible=\"false\" />\r\n                                </e:Group>\r\n                                <e:Image source=\"stuff4_lv2_png\" x=\"234\" y=\"-22\" />\r\n                                <e:Image source=\"stuff4_lv2_png\" y=\"288\" x=\"-30\" />\r\n                        </e:Group>\r\n                </e:Group>\r\n                <e:Group id=\"conCeiling0\" width=\"37\" height=\"40\" top=\"22\" horizontalCenter=\"22.5\">\r\n                        <e:Group id=\"conVertex0\" width=\"37\" height=\"40\">\r\n                                <e:Group id=\"conRope0\" width=\"15\" height=\"252\" anchorOffsetX=\"7.5\" y=\"26\" x=\"18.5\">\r\n                                        <e:Rect id=\"ropeDebug0\" width=\"100%\" height=\"100%\" fillColor=\"0xFF6E6E\" />\r\n                                        <com:ComSaw id=\"comSaw\" y=\"252\" skinName=\"ComSaw\" anchorOffsetX=\"72.5\"\r\n                                                    anchorOffsetY=\"144.5\" horizontalCenter=\"0\" />\r\n                                </e:Group>\r\n                                <e:Image source=\"stuff4_lv2_png\" />\r\n                        </e:Group>\r\n                </e:Group>\r\n                <e:Group id=\"conNpc\" right=\"8\" verticalCenter=\"-93\">\r\n                        <com:ComNpc id=\"comNpc\" skinName=\"ComNpc\" anchorOffsetX=\"0\" anchorOffsetY=\"0\" y=\"0\" x=\"24\" />\r\n                        <e:Image x=\"0\" y=\"202\" source=\"stuff5_lv3_png\" />\r\n                </e:Group>\r\n                <e:Group id=\"conBubble\" width=\"335\" height=\"100\" left=\"180\" top=\"400\">\r\n                        <com:ComBubble id=\"comBubble\" scaleX=\"1\" scaleY=\"1\" skinName=\"ComBubble\" width=\"335\"\r\n                                       height=\"100\" />\r\n                </e:Group>\r\n                <e:Group id=\"conGuide\" top=\"100\" width=\"473\" height=\"138\" left=\"50\">\r\n                        <e:Group id=\"guidePos\" width=\"0\" height=\"0\"  y=\"0\" x=\"237\"/>\r\n                </e:Group>\r\n                <e:Group id=\"conFloor\" height=\"86\" width=\"750\" bottom=\"0\" horizontalCenter=\"0\"></e:Group>\r\n        </e:Group>\r\n\r\n</e:Skin>"
    },
    {
      "path": "resource/eui_skins/scene/GameScene.exml",
      "content": "<?xml version=\"1.0\" encoding=\"utf-8\"?>\r\n<e:Skin class=\"skins.GameScene\" xmlns:e=\"http://ns.egret.com/eui\" xmlns:w=\"http://ns.egret.com/wing\" xmlns:ns1=\"*\"\r\n        xmlns:com=\"com.*\" width=\"1334\" height=\"1334\">\r\n\t<w:Config id=\"1699015f821\" />\r\n\t<e:Rect width=\"100%\" height=\"100%\" fillColor=\"0x4ea9f0\" visible=\"false\" />\r\n\t<e:Rect id=\"black\" width=\"100%\" height=\"100%\" fillColor=\"0x000000\" alpha=\".5\" visible=\"false\" />\r\n\t<e:Group id=\"conBg\" width=\"1500\" height=\"1334\" horizontalCenter=\"0\" verticalCenter=\"0\">\r\n\t\t<e:Image id=\"bg0\" source=\"pb_bg_jpg\" x=\"750\" y=\"0\" scaleX=\"-1\" anchorOffsetX=\"0\"/>\r\n\t\t<e:Image id=\"bg1\" source=\"pb_bg_jpg\" x=\"750\" y=\"0\"/>\r\n\t</e:Group>\r\n\t<e:Group id=\"con\" width=\"766\" height=\"679\">\r\n\r\n\r\n\t</e:Group>\r\n\t<!--<e:Group id=\"conParticles\" horizontalCenter=\"0\" top=\"0\" touchChildren=\"false\" touchEnabled=\"false\">\r\n\t</e:Group>-->\r\n\r\n\t<!--<e:Group id=\"conFloat\" x=\"0\" width=\"100%\" height=\"82%\" bottom=\"0\">\r\n\t<e:Rect id=\"floatDebug\" width=\"100%\" height=\"100%\" fillColor=\"0x00ff00\" fillAlpha=\"0.3\" x=\"0\" y=\"0\" visible=\"false\" />\r\n</e:Group>\r\n-->\r\n</e:Skin>"
    },
    {
      "path": "resource/eui_skins/ui/UiPeople.exml",
      "content": "<?xml version=\"1.0\" encoding=\"utf-8\"?>\r\n<e:Skin class=\"skins.UiPeople\" width=\"1334\" height=\"750\" xmlns:e=\"http://ns.egret.com/eui\"\r\n        xmlns:w=\"http://ns.egret.com/wing\" xmlns:ns1=\"*\" xmlns:com=\"com.*\">\r\n\t<e:Rect id=\"black\" left=\"0\" top=\"0\" bottom=\"0\" right=\"0\" fillAlpha=\"0.5\" />\r\n\t<e:Group id=\"con\" bottom=\"0\" width=\"1334\" horizontalCenter=\"0\" height=\"468\">\r\n\t\t<e:Group id=\"conBody\" width=\"1180\" y=\"0\" horizontalCenter=\"0\" height=\"468\">\r\n\t\t\t<e:Group id=\"conPeople\" x=\"155\" y=\"468\" width=\"310\" height=\"468\" anchorOffsetX=\"155\" anchorOffsetY=\"468\">\r\n\t\t\t\t<e:Group id=\"conChat\" x=\"199\" y=\"225\" scaleX=\"1\" scaleY=\"1\" anchorOffsetX=\"63\" anchorOffsetY=\"3\" width=\"389\"\r\n\t\t\t\t         height=\"169\">\r\n\t\t\t\t\t<e:Image x=\"0\" y=\"0\" source=\"pwordframe1_png\" />\r\n\t\t\t\t\t<e:Image id=\"word\" source=\"pword1_png\" verticalCenter=\"16\" horizontalCenter=\"10\" />\r\n\t\t\t\t</e:Group>\r\n\t\t\t</e:Group>\r\n\t\t</e:Group>\r\n\t</e:Group>\r\n</e:Skin>"
    },
    {
      "path": "resource/eui_skins/ui/base/UiEmpty.exml",
      "content": "<?xml version=\"1.0\" encoding=\"utf-8\"?>\r\n<e:Skin class=\"skins.UiEmpty\" width=\"750\" height=\"1334\" xmlns:e=\"http://ns.egret.com/eui\" xmlns:w=\"http://ns.egret.com/wing\">\r\n\r\n</e:Skin>"
    },
    {
      "path": "resource/eui_skins/ui/inherent/UiChat.exml",
      "content": "<?xml version=\"1.0\" encoding=\"utf-8\"?>\r\n<e:Skin class=\"skins.UiChat\" width=\"1334\" height=\"750\" xmlns:e=\"http://ns.egret.com/eui\" xmlns:w=\"http://ns.egret.com/wing\">\r\n\t<e:Group id=\"con\" bottom=\"30\" horizontalCenter=\"20\">\r\n\t\t<e:Image width=\"950\" source=\"pwordframe_png\" scale9Grid=\"49,52,64,53\" height=\"256\"/>\r\n\t\t<e:Group id=\"conChat\" height=\"256\" width=\"950\" horizontalCenter=\"0\" y=\"0\">\r\n\t\t\t<e:Image source=\"gword1_png\" x=\"40\" y=\"70\"/>\r\n\t\t\t<e:Image source=\"gword2_png\" x=\"420\" bottom=\"27\"/>\r\n\t\t\t<e:Image x=\"640\" source=\"gtriangle_png\" bottom=\"37\"/>\r\n\t\t\t<e:Image x=\"694\" source=\"gpeople_png\" y=\"-118\"/>\r\n\t\t</e:Group>\r\n\t</e:Group>\r\n</e:Skin>"
    },
    {
      "path": "resource/eui_skins/ui/inherent/UiCongrats.exml",
      "content": "<?xml version=\"1.0\" encoding=\"utf-8\"?>\r\n<e:Skin class=\"skins.UiCongrats\" width=\"750\" height=\"1334\" xmlns:e=\"http://ns.egret.com/eui\"\r\n        xmlns:w=\"http://ns.egret.com/wing\" xmlns:com=\"com.*\">\r\n\t<e:Rect id=\"black\" left=\"0\" top=\"0\" right=\"0\" bottom=\"0\" fillAlpha=\"0.6\" />\r\n\t<e:Group id=\"con\" width=\"550\" height=\"800\" x=\"375\" y=\"667\" anchorOffsetX=\"275\" anchorOffsetY=\"400\">\r\n\t\t<e:Label id=\"txtMoney\" text=\"0\" y=\"250\" textColor=\"0xedd2a0\" bold=\"true\" size=\"100\" horizontalCenter=\"-20\"/>\r\n\t\t<e:Group id=\"conBtn\" x=\"275.5\" y=\"608.5\" width=\"257\" height=\"137\" anchorOffsetX=\"128.5\" anchorOffsetY=\"68.5\">\r\n\t\t\t<e:Image id=\"btn\" source=\"lang_apptixian_png\" y=\"68.5\" x=\"128.5\" anchorOffsetX=\"128.5\" anchorOffsetY=\"68.5\"/>\r\n\t\t</e:Group>\r\n\t\t<!--<com:ComBoxEnd id=\"comBoxEnd\" skinName=\"com_box_end\" x=\"0\" y=\"0\" width=\"542\" height=\"423\" />\r\n\t\t-->\r\n\t</e:Group>\r\n</e:Skin>"
    },
    {
      "path": "resource/eui_skins/ui/inherent/UiEnd.exml",
      "content": "<?xml version=\"1.0\" encoding=\"utf-8\"?>\r\n<e:Skin class=\"skins.UiEnd\" height=\"1334\" xmlns:e=\"http://ns.egret.com/eui\" xmlns:w=\"http://ns.egret.com/wing\"\r\n        xmlns:ns1=\"*\" xmlns:com=\"com.*\" xmlns:tween=\"egret.tween.*\" width=\"750\">\r\n\t<e:Group id=\"gPeople\" verticalCenter=\"90\" horizontalCenter=\"-40%\">\r\n\t\t<e:Group id=\"conPeople\" width=\"549\" height=\"825\" anchorOffsetX=\"274.5\" anchorOffsetY=\"412.5\" scaleX=\"1.3\" scaleY=\"1.3\" x=\"356.85\" y=\"536.25\">\r\n\t\t\t<e:Image id=\"people\" source=\"ui4_people_png\" x=\"274.5\" y=\"412.5\" anchorOffsetX=\"274.5\" anchorOffsetY=\"412.5\"/>\r\n\t\t\t<e:Group id=\"conPattern\" x=\"480\" y=\"380\" scaleX=\"0.14\" scaleY=\"0.15\" anchorOffsetX=\"310\" anchorOffsetY=\"310\" rotation=\"-20\" width=\"620\" height=\"620\">\r\n\t\t\t\t<e:Image id=\"patternDebug\" source=\"ui5_pic_png\" anchorOffsetX=\"259.5\" anchorOffsetY=\"229\" horizontalCenter=\"0\" verticalCenter=\"0\"/>\r\n\t\t\t</e:Group>\r\n\t\t</e:Group>\r\n\t\t<e:Image id=\"heart\" source=\"ui3_heart_png\" x=\"422\" y=\"466\" anchorOffsetX=\"33.5\" anchorOffsetY=\"26.5\"/>\r\n\t</e:Group>\r\n\t<!--<w:Declarations>\r\n\t<tween:TweenGroup id=\"cool\">\r\n\t\t<tween:TweenItem target=\"{con_cool_0}\">\r\n\t\t\t<tween:Set>\r\n\t\t\t\t<tween:props>\r\n\t\t\t\t\t<e:Object x=\"{0}\" />\r\n\t\t\t\t</tween:props>\r\n\t\t\t</tween:Set>\r\n\t\t\t<tween:To duration=\"10000\">\r\n\t\t\t\t<tween:props>\r\n\t\t\t\t\t<e:Object x=\"{-1334}\" />\r\n\t\t\t\t</tween:props>\r\n\t\t\t</tween:To>\r\n\t\t</tween:TweenItem>\r\n\t\t<tween:TweenItem target=\"{con_cool_1}\">\r\n\t\t\t<tween:Set>\r\n\t\t\t\t<tween:props>\r\n\t\t\t\t\t<e:Object x=\"{1334}\" />\r\n\t\t\t\t</tween:props>\r\n\t\t\t</tween:Set>\r\n\t\t\t<tween:To duration=\"10000\">\r\n\t\t\t\t<tween:props>\r\n\t\t\t\t\t<e:Object x=\"{0}\" />\r\n\t\t\t\t</tween:props>\r\n\t\t\t</tween:To>\r\n\t\t</tween:TweenItem>\r\n\t</tween:TweenGroup>\r\n</w:Declarations>\r\n-->\r\n<!--<e:Image id=\"bg\" source=\"e_bg_jpg\" fillMode=\"repeat\" x=\"0\" y=\"0\" height=\"100%\" width=\"100%\" />\r\n-->\r\n<!--<e:Rect id=\"black\" left=\"0\" top=\"0\" right=\"0\" bottom=\"0\" fillAlpha=\"0.5\" visible=\"false\" />\r\n<e:Group id=\"conBg\" width=\"1334\" height=\"1334\" horizontalCenter=\"0\" bottom=\"0\">\r\n\t<e:Image id=\"bg\" source=\"ebg_jpg\" />\r\n\t<e:Image source=\"ending_1_png\" visible=\"false\" />\r\n\t<com:ComMovieClip id=\"mcBg\" width=\"1334\" height=\"1334\" />\r\n</e:Group>\r\n<e:Group id=\"conLogo\" top=\"10%\" horizontalCenter=\"0\">\r\n\t<e:Image id=\"logo\" source=\"blogo_png\" x=\"0\" y=\"0\" />\r\n</e:Group>\r\n<e:Group id=\"conBtn\" horizontalCenter=\"0\" bottom=\"38%\">\r\n\t<e:Image id=\"replay\" x=\"241\" y=\"60\" source=\"\" />\r\n\t<e:Image id=\"btn\" x=\"200.5\" anchorOffsetX=\"200.5\" anchorOffsetY=\"79.5\" y=\"79.5\" source=\"lang_ebtn_install_png\" />\r\n</e:Group>\r\n-->\r\n</e:Skin>"
    },
    {
      "path": "resource/eui_skins/ui/inherent/UiEndFail.exml",
      "content": "<?xml version=\"1.0\" encoding=\"utf-8\"?>\r\n<e:Skin class=\"skins.UiEndFail\" width=\"750\" height=\"1334\" xmlns:e=\"http://ns.egret.com/eui\" xmlns:w=\"http://ns.egret.com/wing\"\r\n        xmlns:ns1=\"*\" xmlns:com=\"com.*\">\r\n\t<e:Rect id=\"black\" width=\"100%\" height=\"100%\"\r\n\t         fillColor=\"0x000000\" fillAlpha=\"0.7\"/>\r\n\t<e:Group id=\"conPeople\"  horizontalCenter=\"-20\" verticalCenter=\"-8%\" width=\"451\" height=\"366\">\r\n\t\t<e:Image id=\"people\" source=\"lang_TimeOut_png\"/>\r\n\t</e:Group>\r\n\t<e:Group id=\"conBtn\" horizontalCenter=\"0\" x=\"191\" bottom=\"18%\" width=\"371\" height=\"223\">\r\n\t\t<e:Image id=\"replay\" source=\"lang_again_png\"/>\r\n\t\t<com:ComBtn id=\"btn\" skinName=\"ComBtn\" y=\"124\"/>\r\n\t</e:Group>\r\n\r\n</e:Skin>"
    },
    {
      "path": "resource/eui_skins/ui/inherent/UiFirst.exml",
      "content": "<?xml version=\"1.0\" encoding=\"utf-8\"?>\r\n<e:Skin class=\"skins.UiFirst\" width=\"750\" height=\"1334\" xmlns:e=\"http://ns.egret.com/eui\" xmlns:w=\"http://ns.egret.com/wing\">\r\n\t<!--<e:Rect id=\"bg\" width=\"750\" height=\"150\" x=\"0\" y=\"0\" fillColor=\"0x2f3651\" fillAlpha=\"0.5\" />-->\r\n\t<e:Group id=\"conLogo\" anchorOffsetX=\"0\" anchorOffsetY=\"0\" y=\"0\" x=\"0\">\r\n\t\t<e:Group id=\"gLogo\" x=\"0\" y=\"0\" scaleX=\"1.2\" scaleY=\"1.2\">\r\n\t\t\t<e:Image id=\"logo\" y=\"0\" x=\"0\"  source=\"lang_logo_png\"/>\r\n\t\t</e:Group>\r\n\t</e:Group>\r\n\t<e:Group id=\"conBtn\" anchorOffsetX=\"0\" anchorOffsetY=\"0\" y=\"300\" x=\"0\">\r\n\t\t<e:Group id=\"gBtn\" scaleX=\"0.8\" scaleY=\"0.8\">\r\n\t\t\t<e:Image id=\"btn\" x=\"0\" y=\"0\"  source=\"ctat_button_png\"/>\r\n\t\t\t<e:Image id=\"btnTxt\" horizontalCenter=\"0\" verticalCenter=\"0\"  source=\"lang_button_png\"/>\r\n\t\t</e:Group>\r\n\t</e:Group>\r\n</e:Skin>"
    },
    {
      "path": "resource/eui_skins/ui/inherent/UiStart.exml",
      "content": "<?xml version=\"1.0\" encoding=\"utf-8\"?>\r\n<e:Skin class=\"skins.UiStart\" width=\"1334\" height=\"750\" xmlns:e=\"http://ns.egret.com/eui\" xmlns:w=\"http://ns.egret.com/wing\"\r\n        xmlns:ns1=\"*\" xmlns:com=\"com.*\">\r\n\t<e:Rect id=\"black\" left=\"0\" top=\"0\" bottom=\"0\" right=\"0\" fillAlpha=\"0.5\" />\r\n\t<e:Group id=\"con\" width=\"0\" height=\"0\" horizontalCenter=\"0\" bottom=\"0\">\r\n\t\t<e:Group id=\"conParticle\" y=\"50\" x=\"0\" width=\"0\" height=\"0\" touchChildren=\"false\" touchEnabled=\"false\" touchThrough=\"true\" scaleX=\"1\" scaleY=\"1\"/>\r\n\t</e:Group>\r\n\r\n\r\n\t<e:Group id=\"conPeople\" left=\"-110\" bottom=\"-234\" width=\"516\" height=\"942\">\r\n\t\t<e:Image id=\"people\" x=\"0\" y=\"0\" source=\"ui5_npc_png\" scaleX=\"2\" scaleY=\"2\"/>\r\n\t</e:Group>\r\n\t<e:Group id=\"gWord\" bottom=\"250\" width=\"527\" height=\"235\" left=\"250\">\r\n\t\t<e:Image id=\"guidePos\" x=\"330\" y=\"200\" source=\"\" visible=\"false\"/>\r\n\t\t<e:Group id=\"conWord\" y=\"50\" width=\"527\" height=\"235\" anchorOffsetY=\"50\">\r\n\t\t\t<e:Image source=\"ui6_wordframe_png\"/>\r\n\t\t<e:Image id=\"word\" source=\"lang_gword1_png\" horizontalCenter=\"0\" verticalCenter=\"0\"/>\r\n\t\t<e:Image id=\"btnTips\" source=\"lang_gword2_png\"/>\r\n\t\t</e:Group>\r\n\t</e:Group>\r\n\r\n</e:Skin>"
    },
    {
      "path": "resource/eui_skins/ui/inherent/UiTran.exml",
      "content": "<?xml version=\"1.0\" encoding=\"utf-8\"?>\r\n<e:Skin class=\"skins.UiTran\" width=\"750\" height=\"1334\" xmlns:e=\"http://ns.egret.com/eui\" xmlns:w=\"http://ns.egret.com/wing\">\r\n\t<e:Rect id=\"black\" width=\"100%\" height=\"100%\" fillColor=\"0x000000\" fillAlpha=\"0.7\"  visible=\"false\"/>\r\n\t<e:Group id=\"conColorBar\" height=\"215\" horizontalCenter=\"0\" verticalCenter=\"-20%\" rotation=\"-20\" width=\"893\">\r\n\t\t<e:Image id=\"colorBar\" source=\"win1_ui_jpg\" x=\"446.5\" y=\"107.5\" anchorOffsetX=\"446.5\" anchorOffsetY=\"107.5\" scale9Grid=\"111,8,671,196\"/>\r\n\t</e:Group>\r\n\t<e:Rect id=\"light\" width=\"100%\" height=\"100%\" x=\"10\" y=\"10\" fillColor=\"0xffffff\"  visible=\"false\"/>\r\n\t<e:Group id=\"conWord\" horizontalCenter=\"0\" verticalCenter=\"-30%\" anchorOffsetX=\"286\" anchorOffsetY=\"148\">\r\n\t\t<e:Image id=\"word\" x=\"286\" y=\"148\" anchorOffsetX=\"286\" anchorOffsetY=\"148\" source=\"lang_win_png\"/>\r\n\t</e:Group>\r\n\t<e:Group id=\"conParticles\" width=\"0\" height=\"0\" scaleX=\"1\" scaleY=\"1\" left=\"0\" bottom=\"0\"/>\r\n</e:Skin>"
    },
    {
      "path": "resource/eui_skins/ui/inherent/UiTranEnd.exml",
      "content": "<?xml version=\"1.0\" encoding=\"utf-8\"?>\r\n<e:Skin class=\"skins.UiTranEnd\" width=\"750\" height=\"1334\" xmlns:e=\"http://ns.egret.com/eui\" xmlns:w=\"http://ns.egret.com/wing\">\r\n\t<e:Rect id=\"black\" width=\"100%\" height=\"100%\" fillColor=\"0x000000\" fillAlpha=\"0.7\"  visible=\"false\"/>\r\n\t<e:Group id=\"con\" width=\"0\" height=\"0\" horizontalCenter=\"0\" bottom=\"0\">\r\n\t\t<e:Group id=\"conParticle\" y=\"50\" x=\"0\" width=\"0\" height=\"0\" touchChildren=\"false\" touchEnabled=\"false\" touchThrough=\"true\" scaleX=\"1\" scaleY=\"1\"/>\r\n\t\t<!--<e:Image id=\"bg\" source=\"lang_caughtyou_png\" x=\"271\" y=\"363\" anchorOffsetX=\"271\" anchorOffsetY=\"363\" />\r\n\t\t-->\r\n\t</e:Group>\r\n\t<e:Rect id=\"light\" width=\"100%\" height=\"100%\" x=\"10\" y=\"10\" fillColor=\"0xffffff\" visible=\"false\" />\r\n</e:Skin>"
    }
  ]
}